idContrato,codigo_contratacion,estado,objeto_contratacion,entidad,ruc_entidad,departamento,provincia,distrito,fecha_publicacion,fecha_vencimiento,tiempo_restante_texto,moneda,monto_referencial,descripcion,enlace_publico,enlace_requerimiento,requerimiento_consultado,fecha_ultima_actualizacion,fecha_vencimiento_raw
100736,CM-114-2026-RQ-UGEL-GRAU,Vigente,Servicio,GOBIERNO REGIONAL DE APURIMAC - UNIDAD DE GESTION EDUCATIVA LOCAL GRAU,,APURIMAC,GRAU,CHUQUIBAMBILLA,2026-10-07T19:17:11-05:00,2026-10-12T10:00:00-05:00,"4 d, 9 h restantes",,,CONTRATACION DE SERVICIO DE PONENCIA PARA EL NIVEL PRIMARIA,https://prod6.seace.gob.pe/buscador-publico/contrataciones/100736,https://prod6.seace.gob.pe/v1/s8uit-services/archivo/archivos-publico/descargar-archivo-contrato/401298,1,2026-10-08T00:58:41-05:00,12/10/2026 10:00:00
100750,CM-250-2026-VRA,Vigente,Bien,MTC-PROYECTO ESPECIAL DE INFRAESTRUCTURA DE TRANSPORTE NACIONAL (PROVIAS NACIONAL),,CUSCO,LA CONVENCION,QUIMBIRI,2026-10-07T19:15:40-05:00,2026-10-09T12:00:00-05:00,"1 d, 11 h restantes",,,ADQUISICIÓN DE LUBRICANTES PARA LOS EQUIPOS MECANICOS DE LA RED VIAL NACIONAL PAVIMENTADA Y NO PAVIMENTADA PROVIAS NACIONAL ZONAL XIX - VRAEM.,https://prod6.seace.gob.pe/buscador-publico/contrataciones/100750,https://prod6.seace.gob.pe/v1/s8uit-services/archivo/archivos-publico/descargar-archivo-contrato/401268,1,2026-10-08T00:58:41-05:00,09/10/2026 12:00:00
100751,CM-113-2026-RQ-UGEL-GRAU,Vigente,Servicio,GOBIERNO REGIONAL DE APURIMAC - UNIDAD DE GESTION EDUCATIVA LOCAL GRAU,,APURIMAC,GRAU,CHUQUIBAMBILLA,2026-10-07T19:13:35-05:00,2026-10-12T10:00:00-05:00,"4 d, 9 h restantes",,,CONTRATACION DE SERVICIO DE PONENCIA PARA EL NIVEL SECUNDARIA,https://prod6.seace.gob.pe/buscador-publico/contrataciones/100751,https://prod6.seace.gob.pe/v1/s8uit-services/archivo/archivos-publico/descargar-archivo-contrato/401282,1,2026-10-08T00:58:41-05:00,12/10/2026 10:00:00
100732,CM-249-2026-VRA,Vigente,Bien,MTC-PROYECTO ESPECIAL DE INFRAESTRUCTURA DE TRANSPORTE NACIONAL (PROVIAS NACIONAL),,CUSCO,LA CONVENCION,QUIMBIRI,2026-10-07T19:07:38-05:00,2026-10-09T12:00:00-05:00,"1 d, 16 h restantes",,,ADQUISICIÓN DE REPUESTOS PARA LA MOTONIVELADORA JOHN DEERE 620G DE LA RED VIAL NACIONAL PAVIMENTADA Y NO PAVIMENTADA PROVIAS NACIONAL ZONAL XIX - VRAEM.,https://prod6.seace.gob.pe/buscador-publico/contrataciones/100732,https://prod6.seace.gob.pe/v1/s8uit-services/archivo/archivos-publico/descargar-archivo-contrato/401264,1,2026-10-07T19:10:45-05:00,09/10/2026 12:00:00
100728,CM-248-2026-VRA,Vigente,Servicio,MTC-PROYECTO ESPECIAL DE INFRAESTRUCTURA DE TRANSPORTE NACIONAL (PROVIAS NACIONAL),,CUSCO,LA CONVENCION,KUMPIRUSHIATO,2026-10-07T18:44:30-05:00,2026-10-09T14:00:00-05:00,"1 d, 18 h restantes",,,SERVICIO DE CONTROL DE TRANSITO PARA EL MANTENIMIENTO RUTINARIO RED VIAL NACIONAL PAVIMENTADA EMP. PE-28C (KIMBIRI) - KEPASHIATO; MULTIDISTRITAL - LA CONVENCION - CUSCO,https://prod6.seace.gob.pe/buscador-publico/contrataciones/100728,https://prod6.seace.gob.pe/v1/s8uit-services/archivo/archivos-publico/descargar-archivo-contrato/401176,1,2026-10-07T19:10:45-05:00,09/10/2026 14:00:00
99305,CM-136-2026-RQ-UGEL-HMA,Vigente,Bien,GOBIERNO REGIONAL DE APURIMAC - UNIDAD DE GESTION EDUCATIVA LOCAL HUANCARAMA,,APURIMAC,ANDAHUAYLAS,HUANCARAMA,2026-10-07T18:10:19-05:00,2026-10-12T18:00:00-05:00,"4 d, 22 h restantes",,,ADQUISICION DE MATERIAL DE ESCRITORIO PARA LAS OFICINAS DE LA UGEL HUANCARAMA,https://prod6.seace.gob.pe/buscador-publico/contrataciones/99305,https://prod6.seace.gob.pe/v1/s8uit-services/archivo/archivos-publico/descargar-archivo-contrato/401160,1,2026-10-07T19:10:45-05:00,12/10/2026 18:00:00
100675,CM-247-2026-VRA,Vigente,Bien,MTC-PROYECTO ESPECIAL DE INFRAESTRUCTURA DE TRANSPORTE NACIONAL (PROVIAS NACIONAL),,CUSCO,LA CONVENCION,UNION ASH?NINKA,2026-10-07T17:04:50-05:00,2026-10-09T08:00:00-05:00,"1 d, 12 h restantes",,,"ADQUISICIÓN DE PETRÓLEO DIESEL B5 S-50, PARA LA ATENCIÓN DEL MANTENIMIENTO RUTINARIO RED VIAL NO PAVIMENTADA DE LA CARRETERA PUENTE UNIÓN MANTARO - YAVIRO - TZOMAVENI, DISTRITO DE VIZCATÁN DEL ENE, SATIPO, JUNÍN.",https://prod6.seace.gob.pe/buscador-publico/contrataciones/100675,https://prod6.seace.gob.pe/v1/s8uit-services/archivo/archivos-publico/descargar-archivo-contrato/400933,1,2026-10-07T19:10:45-05:00,09/10/2026 08:00:00
100658,CM-166-2026-UZCUS,Vigente,Servicio,MTC-PROYECTO ESPECIAL DE INFRAESTRUCTURA DE TRANSPORTE NACIONAL (PROVIAS NACIONAL),,CUSCO,CANCHIS,SICUANI,2026-10-07T16:27:43-05:00,2026-10-11T23:00:00-05:00,"4 d, 3 h restantes",,,"SERVICIO DE ALQUILER DE CAMIONETA 4X4 A TODO COSTO, PARA LA ATENCIÓN DEL MANTENIMIENTO RUTINARIO DE LA CARRETERA NO PAVIMENTADA DE LA RVN TRAMO: EMP. PE-3S (DV. SICUANI) - URINSAYA - STA. BÁRBARA - SUCU PALLCA ¿ PIRHUA ¿ PHINAYA; REGIÓN CUSCO.",https://prod6.seace.gob.pe/buscador-publico/contrataciones/100658,https://prod6.seace.gob.pe/v1/s8uit-services/archivo/archivos-publico/descargar-archivo-contrato/400786,1,2026-10-07T19:10:45-05:00,11/10/2026 23:00:00
100632,CM-165-2026-UZCUS,Vigente,Servicio,MTC-PROYECTO ESPECIAL DE INFRAESTRUCTURA DE TRANSPORTE NACIONAL (PROVIAS NACIONAL),,CUSCO,CANAS,LANGUI,2026-10-07T16:18:45-05:00,2026-10-09T09:00:00-05:00,"1 d, 13 h restantes",,,"SERVICIO DE ALQUILER DE CAMPAMENTO, PARA EL MANTENIMIENTO RUTINARIO DE LA CARRETERA PAVIMENTADA: YAURI - SAN GENARO - EL DESCANSO - LANGUI - COLPAHUAYCO - EMP. PE-3S (SICUANI)",https://prod6.seace.gob.pe/buscador-publico/contrataciones/100632,https://prod6.seace.gob.pe/v1/s8uit-services/archivo/archivos-publico/descargar-archivo-contrato/400764,1,2026-10-07T19:10:45-05:00,09/10/2026 09:00:00
100637,CM-1458-2026-GRA/AUTODEMA,Vigente,Servicio,GOBIERNO REGIONAL DE AREQUIPA - PROYECTO ESPECIAL MAJES-SIGUAS  AUTODEMA,,CUSCO,ESPINAR,CONDOROMA,2026-10-07T16:15:24-05:00,2026-10-09T08:00:00-05:00,"1 d, 12 h restantes",,,SERVICIO DE ROTURA DE PROBETAS DE CONCRETO PEDIDO 921,https://prod6.seace.gob.pe/buscador-publico/contrataciones/100637,https://prod6.seace.gob.pe/v1/s8uit-services/archivo/archivos-publico/descargar-archivo-contrato/400750,1,2026-10-07T19:10:45-05:00,09/10/2026 08:00:00
100424,CM-487-2026-SBS,Vigente,Servicio,"SUPERINTENDENCIA DE BANCA, SEGUROS Y AFP",,CUSCO,CUSCO,CUSCO,2026-10-07T14:35:28-05:00,2026-10-09T15:00:00-05:00,"2 d, 0 h restantes",,,Servicio de refrigerio para docentes del Programa Finanzas en el Cole en Cusco.,https://prod6.seace.gob.pe/buscador-publico/contrataciones/100424,https://prod6.seace.gob.pe/v1/s8uit-services/archivo/archivos-publico/descargar-archivo-contrato/399985,1,2026-10-07T14:57:46-05:00,09/10/2026 15:00:00
100555,CM-1457-2026-GRA/AUTODEMA,Vigente,Servicio,GOBIERNO REGIONAL DE AREQUIPA - PROYECTO ESPECIAL MAJES-SIGUAS  AUTODEMA,,CUSCO,ESPINAR,CONDOROMA,2026-10-07T14:25:03-05:00,2026-10-09T09:00:00-05:00,18 h restantes,,,SERVICIO DE ROTURA DE PROBETAS DE CONCRETO PEDIDO 920,https://prod6.seace.gob.pe/buscador-publico/contrataciones/100555,https://prod6.seace.gob.pe/v1/s8uit-services/archivo/archivos-publico/descargar-archivo-contrato/400458,1,2026-10-08T14:55:16-05:00,09/10/2026 09:00:00
100279,CM-389-2026-CUS,Vigente,Bien,MINISTERIO DE RELACIONES EXTERIORES,,CUSCO,CUSCO,CUSCO,2026-10-06T16:53:59-05:00,2026-10-07T17:00:00-05:00,22 h restantes,,,ADQUISICIÓN DE EQUIPOS DE CALEFACCIÓN ELÉCTRICO PORTÁTIL PARA LA DIRECCIÓN DESCONCENTRADA DEL MINISTERIO DE RELACIONES EXTERIORES EN CUSCO,https://prod6.seace.gob.pe/buscador-publico/contrataciones/100279,https://prod6.seace.gob.pe/v1/s8uit-services/archivo/archivos-publico/descargar-archivo-contrato/399261,1,2026-10-06T18:50:22-05:00,07/10/2026 17:00:00
100211,CM-951-2026-HRC-UL-ADQ,Vigente,Bien,GOBIERNO REGIONAL DE CUSCO - HOSPITAL REGIONAL CUSCO,,CUSCO,CUSCO,CUSCO,2026-10-06T15:03:28-05:00,2026-10-09T10:00:00-05:00,"2 d, 18 h restantes",,,"ADQUISICION DE ORFENADRINA CITATO 100MG TAB, PIRIDOXINA 50 MG TAB (EXP. 20113)",https://prod6.seace.gob.pe/buscador-publico/contrataciones/100211,https://prod6.seace.gob.pe/v1/s8uit-services/archivo/archivos-publico/descargar-archivo-contrato/399023,1,2026-10-06T15:16:38-05:00,09/10/2026 10:00:00
100188,CM-1029-2026-HRGDV-A,Vigente,Bien,GOBIERNO REGIONAL DE APURIMAC - HOSPITAL GUILLERMO DIAZ DE LA VEGA ABANCAY,,APURIMAC,ABANCAY,ABANCAY,2026-10-06T14:40:36-05:00,2026-10-07T11:00:00-05:00,19 h restantes,,,"REQUERIMIENTOS DE INSUMOS(AGUA DE INYECCION) PARA EL DEPARTAMENTO DE FARMACIA DEL HRGDV, COT-766",https://prod6.seace.gob.pe/buscador-publico/contrataciones/100188,https://prod6.seace.gob.pe/v1/s8uit-services/archivo/archivos-publico/descargar-archivo-contrato/398970,1,2026-10-06T15:16:38-05:00,07/10/2026 11:00:00
100187,CM-950-2026-HRC-UL-ADQ,Vigente,Bien,GOBIERNO REGIONAL DE CUSCO - HOSPITAL REGIONAL CUSCO,,CUSCO,CUSCO,CUSCO,2026-10-06T14:38:19-05:00,2026-10-09T09:00:00-05:00,"2 d, 17 h restantes",,,"ADQUISICION DE HIDROXIPROPILMETILCELULOSA, AZUL DE TRIPAN, FENILEFRINA (EXP. 21017)",https://prod6.seace.gob.pe/buscador-publico/contrataciones/100187,https://prod6.seace.gob.pe/v1/s8uit-services/archivo/archivos-publico/descargar-archivo-contrato/398948,1,2026-10-06T15:16:38-05:00,09/10/2026 09:00:00
100197,CM-1451-2026-GRA/AUTODEMA,Vigente,Servicio,GOBIERNO REGIONAL DE AREQUIPA - PROYECTO ESPECIAL MAJES-SIGUAS  AUTODEMA,,CUSCO,ESPINAR,CONDOROMA,2026-10-06T14:12:39-05:00,2026-10-09T10:30:00-05:00,"2 d, 19 h restantes",,,ALQUILER DE CARGADOR FRONTAL PEDIDO 894,https://prod6.seace.gob.pe/buscador-publico/contrataciones/100197,https://prod6.seace.gob.pe/v1/s8uit-services/archivo/archivos-publico/descargar-archivo-contrato/398896,1,2026-10-06T15:16:38-05:00,09/10/2026 10:30:00
100179,CM-1452-2026-GRA/AUTODEMA,Vigente,Servicio,GOBIERNO REGIONAL DE AREQUIPA - PROYECTO ESPECIAL MAJES-SIGUAS  AUTODEMA,,CUSCO,ESPINAR,CONDOROMA,2026-10-06T14:09:03-05:00,2026-10-09T10:00:00-05:00,"2 d, 18 h restantes",,,ALQUILER DE EXCAVADORA SOBRE ORUGA PEDIDO 902,https://prod6.seace.gob.pe/buscador-publico/contrataciones/100179,https://prod6.seace.gob.pe/v1/s8uit-services/archivo/archivos-publico/descargar-archivo-contrato/398898,1,2026-10-06T15:16:38-05:00,09/10/2026 10:00:00
100164,CM-1028-2026-HRGDV-A,Vigente,Bien,GOBIERNO REGIONAL DE APURIMAC - HOSPITAL GUILLERMO DIAZ DE LA VEGA ABANCAY,,APURIMAC,ABANCAY,ABANCAY,2026-10-06T12:55:12-05:00,2026-10-07T12:00:00-05:00,20 h restantes,,,REQUERIMIENTO DE MEDICAMENTO (QUETIAPINA). COT-778,https://prod6.seace.gob.pe/buscador-publico/contrataciones/100164,https://prod6.seace.gob.pe/v1/s8uit-services/archivo/archivos-publico/descargar-archivo-contrato/398828,1,2026-10-06T15:16:38-05:00,07/10/2026 12:00:00
100160,CM-113-2026-ENACO,Vigente,Servicio,EMPRESA NACIONAL DE LA COCA S.A.,,CUSCO,LA CONVENCION,SANTA ANA,2026-10-06T12:42:35-05:00,2026-10-09T14:00:00-05:00,"2 d, 22 h restantes",,,"Servicio de recarga de extintores para la Sucursal Quillabamba, Agencia y sus unidades operativas - ENACO S.A",https://prod6.seace.gob.pe/buscador-publico/contrataciones/100160,https://prod6.seace.gob.pe/v1/s8uit-services/archivo/archivos-publico/descargar-archivo-contrato/398820,1,2026-10-06T15:16:38-05:00,09/10/2026 14:00:00
100157,CM-112-2026-ENACO,Vigente,Bien,EMPRESA NACIONAL DE LA COCA S.A.,,CUSCO,LA CONVENCION,SANTA ANA,2026-10-06T12:38:30-05:00,2026-10-08T23:59:00-05:00,"2 d, 8 h restantes",,,Adquisición de tarros de leche de 170 gramos para el personal de la Agencia Quillabamba - ENACO S.A,https://prod6.seace.gob.pe/buscador-publico/contrataciones/100157,https://prod6.seace.gob.pe/v1/s8uit-services/archivo/archivos-publico/descargar-archivo-contrato/398780,1,2026-10-06T15:16:38-05:00,08/10/2026 23:59:00
100120,CM-111-2026-ENACO,Vigente,Servicio,EMPRESA NACIONAL DE LA COCA S.A.,,CUSCO,CUSCO,SAN SEBASTIAN,2026-10-06T11:18:25-05:00,2026-10-09T14:00:00-05:00,"2 d, 22 h restantes",,,CONTRATACIÓN SERVICIO DE CERTIFICADO DIGITAL PARA LA FIRMA DE COMPROBANTES DE PAGO ELECTRÓNICOS REMITIDOS A SUNAT - ENACO S.A,https://prod6.seace.gob.pe/buscador-publico/contrataciones/100120,https://prod6.seace.gob.pe/v1/s8uit-services/archivo/archivos-publico/descargar-archivo-contrato/398603,1,2026-10-06T15:16:38-05:00,09/10/2026 14:00:00
100073,CM-1027-2026-HRGDV-A,Vigente,Servicio,GOBIERNO REGIONAL DE APURIMAC - HOSPITAL GUILLERMO DIAZ DE LA VEGA ABANCAY,,APURIMAC,ABANCAY,ABANCAY,2026-10-06T09:30:14-05:00,2026-10-07T17:00:00-05:00,"1 d, 6 h restantes",,,SERVICIO DE UN PROFESIONAL ABOGADO PARA LA OFICINA EJECUTIVA DE ADMINISTRACION DEL HRGDV - ABANCAY,https://prod6.seace.gob.pe/buscador-publico/contrataciones/100073,https://prod6.seace.gob.pe/v1/s8uit-services/archivo/archivos-publico/descargar-archivo-contrato/398406,1,2026-10-06T10:08:00-05:00,07/10/2026 17:00:00
99995,CM-4486180-2026-BN,Vigente,Servicio,BANCO DE LA NACION,,APURIMAC,ANDAHUAYLAS,ANDAHUAYLAS,2026-10-06T09:15:42-05:00,2026-10-09T10:30:00-05:00,"3 d, 0 h restantes",,,SERVICIO DE REPRESENTACION JURIDICA INTEGRAL PARA LA AGENCIA ANDAHUAYLAS CON SUS RESPECTIVAS DEPENDENCIAS,https://prod6.seace.gob.pe/buscador-publico/contrataciones/99995,https://prod6.seace.gob.pe/v1/s8uit-services/archivo/archivos-publico/descargar-archivo-contrato/398089,1,2026-10-06T10:08:00-05:00,09/10/2026 10:30:00
100044,CM-949-2026-HRC-UL-ADQ,Vigente,Bien,GOBIERNO REGIONAL DE CUSCO - HOSPITAL REGIONAL CUSCO,,CUSCO,CUSCO,CUSCO,2026-10-06T09:08:42-05:00,2026-10-10T09:00:00-05:00,"3 d, 22 h restantes",,,"ADQUISICION DE KIT PARA DETERMINACION DE GRUPOS SANGUINEOS ABO-RH, PRUEBAS CRUZADAS PARA BANCO DE SANGRE (EXP. 21400)",https://prod6.seace.gob.pe/buscador-publico/contrataciones/100044,https://prod6.seace.gob.pe/v1/s8uit-services/archivo/archivos-publico/descargar-archivo-contrato/398347,1,2026-10-06T10:08:00-05:00,10/10/2026 09:00:00
100040,CM-110-2026-ENACO,Vigente,Servicio,EMPRESA NACIONAL DE LA COCA S.A.,,CUSCO,CUSCO,SAN SEBASTIAN,2026-10-06T08:46:45-05:00,2026-10-08T23:59:00-05:00,"2 d, 13 h restantes",,,CONTRATACIÓN DE SERVICIO DE CORREO CORPORATIVO 2026 -2027 - ENACO S.A,https://prod6.seace.gob.pe/buscador-publico/contrataciones/100040,https://prod6.seace.gob.pe/v1/s8uit-services/archivo/archivos-publico/descargar-archivo-contrato/398290,1,2026-10-06T10:08:00-05:00,08/10/2026 23:59:00
100021,CM-42-2026-IRE APURIMAC,Vigente,Servicio,SUPERINTENDENCIA NACIONAL DE FISCALIZACION LABORAL,,APURIMAC,ABANCAY,ABANCAY,2026-10-05T18:14:29-05:00,2026-10-08T09:00:00-05:00,"2 d, 13 h restantes",,,SERVICIO DE ESTACIONAMIENTO VEHICULAR PARA LA CAMIONETA INSTITUCIONAL DE LA INTENDENCIA REGIONAL DE APURIMAC,https://prod6.seace.gob.pe/buscador-publico/contrataciones/100021,https://prod6.seace.gob.pe/v1/s8uit-services/archivo/archivos-publico/descargar-archivo-contrato/398161,1,2026-10-05T19:47:06-05:00,08/10/2026 09:00:00
99974,CM-10267-2026-PS (1RA CONVOCATORIA),Vigente,Servicio,MINISTERIO DE TRANSPORTES Y COMUNICACIONES,,CUSCO,CUSCO,CUSCO,2026-10-05T17:30:18-05:00,2026-10-06T23:59:00-05:00,"1 d, 4 h restantes",,,"Servicio de alquiler de un (01) vehículo para el traslado de personal de la Oficina de
Diálogo y Gestión Social para participar en la reunión y realizar monitoreo social en el
Proyecto ¿Rehabilitación y Mejoramiento de la Carretera Patahuasi-Yauri-Sicuani, Sector
Negromayo-Yauri-San Genaro¿ CUI 2027711, en la provincia de Espinar (departamento
de Cusco).",https://prod6.seace.gob.pe/buscador-publico/contrataciones/99974,https://prod6.seace.gob.pe/v1/s8uit-services/archivo/archivos-publico/descargar-archivo-contrato/398073,1,2026-10-05T19:47:06-05:00,06/10/2026 23:59:00
99980,CM-1026-2026-HRGDV-A,Vigente,Servicio,GOBIERNO REGIONAL DE APURIMAC - HOSPITAL GUILLERMO DIAZ DE LA VEGA ABANCAY,,APURIMAC,ABANCAY,ABANCAY,2026-10-05T16:49:04-05:00,2026-10-06T17:00:00-05:00,21 h restantes,,,MANTENIMIENTO CORRECTIVO DE IMPRESORA PARA LA UNIDAD DE SEGUROS DEL HRGDV-ABANCAY,https://prod6.seace.gob.pe/buscador-publico/contrataciones/99980,https://prod6.seace.gob.pe/v1/s8uit-services/archivo/archivos-publico/descargar-archivo-contrato/397986,1,2026-10-05T19:47:06-05:00,06/10/2026 17:00:00
98936,CM-14-2026-MPA,Vigente,Bien,MUNICIPALIDAD PROVINCIAL DE ANTABAMBA,,APURIMAC,ANTABAMBA,ANTABAMBA,2026-10-05T10:38:45-05:00,2026-10-07T15:05:00-05:00,20 h restantes,,,ADQUISICION DE 02 MOTICLETAS LINEALES PARA EL FORTALECIMIENTODE LA CAPACIDAD TECNICA Y OPERTIVA DEL AREA TECNICA MUNICIPAL - ATM Y LA UNIDAD DE GESTION DE AGUA POTABLE Y ALCANTARILLADO DE LA GERENCIA DE SERVICIOS MUNICIPALES Y GESTION AMBIENTAL DE LA MUNICIPALIDAD PROVINCIAL DE ANTABAMBA,https://prod6.seace.gob.pe/buscador-publico/contrataciones/98936,https://prod6.seace.gob.pe/v1/s8uit-services/archivo/archivos-publico/descargar-archivo-contrato/393227,1,2026-10-06T18:50:22-05:00,07/10/2026 15:05:00
99608,CM-159-2026-UZCUS,Vigente,Servicio,MTC-PROYECTO ESPECIAL DE INFRAESTRUCTURA DE TRANSPORTE NACIONAL (PROVIAS NACIONAL),,CUSCO,CANCHIS,CHECACUPE,2026-10-02T17:50:57-05:00,2026-10-07T15:00:00-05:00,20 h restantes,,,"SERVICIO DE CONTROL Y RESGUARDO DE EQUIPOS Y BIENES EN CAMPAMENTO, PARA LA ATENCIÓN DEL MANTENIMIENTO RUTINARIO DE LA CARRETERA NO PAVIMENTADA DE LA RVN  TRAMO: EMP. PE-3S (DV. SICUANI) - URINSAYA - STA. BÁRBARA - SUCU PALLCA - PIRHUA
PIRHUA ¿ PHINAYA; REGIÓN CUSCO.",https://prod6.seace.gob.pe/buscador-publico/contrataciones/99608,https://prod6.seace.gob.pe/v1/s8uit-services/archivo/archivos-publico/descargar-archivo-contrato/396369,1,2026-10-06T18:50:22-05:00,07/10/2026 15:00:00
99605,CM-157-2026-UZCUS,Vigente,Bien,MTC-PROYECTO ESPECIAL DE INFRAESTRUCTURA DE TRANSPORTE NACIONAL (PROVIAS NACIONAL),,CUSCO,CANCHIS,CHECACUPE,2026-10-02T17:40:41-05:00,2026-10-05T23:00:00-05:00,"3 d, 3 h restantes",,,ADQUISICIÓN DE COMBUSTIBLE DIESEL B5 S-50 PARA LA ATENCIÓN DEL MANTENIMIENTO RUTINARIO DE LA CARRETERA NO PAVIMENTADA DE LA RVN TRAMO: EMP. PE-3S (DV. SICUANI) - URINSAYA - STA. BÁRBARA - SUCU PALLCA - PIRHUA PIRHUA ¿ PHINAYA; REGIÓN CUSCO,https://prod6.seace.gob.pe/buscador-publico/contrataciones/99605,https://prod6.seace.gob.pe/v1/s8uit-services/archivo/archivos-publico/descargar-archivo-contrato/396315,1,2026-10-02T19:27:46-05:00,05/10/2026 23:00:00
99623,CM-156-2026-UZCUS,Vigente,Servicio,MTC-PROYECTO ESPECIAL DE INFRAESTRUCTURA DE TRANSPORTE NACIONAL (PROVIAS NACIONAL),,CUSCO,CANCHIS,SICUANI,2026-10-02T17:34:24-05:00,2026-10-08T23:00:00-05:00,"2 d, 4 h restantes",,,"SERVICIO DE SELLADO DE FISURAS Y GRIETAS EN CALZADA, PARA EL MANTENIMIENTO RUTINARIO DE LA CARRETERA PAVIMENTADA: YAURI - SAN GENARO - EL DESCANSO - LANGUI - COLPAHUAYCO - EMP. PE-3S (SICUANI)",https://prod6.seace.gob.pe/buscador-publico/contrataciones/99623,https://prod6.seace.gob.pe/v1/s8uit-services/archivo/archivos-publico/descargar-archivo-contrato/396300,1,2026-10-06T18:50:22-05:00,08/10/2026 23:00:00
99586,CM-153-2026-UZCUS,Vigente,Bien,MTC-PROYECTO ESPECIAL DE INFRAESTRUCTURA DE TRANSPORTE NACIONAL (PROVIAS NACIONAL),,CUSCO,CANCHIS,SICUANI,2026-10-02T17:02:07-05:00,2026-10-08T23:00:00-05:00,"2 d, 4 h restantes",,,ADQUISICIÓN DE AGUA DE MESA SIN GAS X 20L PARA LA UNIDAD DE PEAJE AGUAS CALIENTES,https://prod6.seace.gob.pe/buscador-publico/contrataciones/99586,https://prod6.seace.gob.pe/v1/s8uit-services/archivo/archivos-publico/descargar-archivo-contrato/396184,1,2026-10-06T18:50:22-05:00,08/10/2026 23:00:00
99053,CM-1426-2026-GRA/AUTODEMA,Vigente,Servicio,GOBIERNO REGIONAL DE AREQUIPA - PROYECTO ESPECIAL MAJES-SIGUAS  AUTODEMA,,CUSCO,ESPINAR,CONDOROMA,2026-10-01T14:28:18-05:00,2026-10-08T18:00:00-05:00,"2 d, 22 h restantes",,,SERVICIO ESPECIALIZADO EN SEGURIDAD Y SALUD EN EL TRABAJO PEDIDO 895,https://prod6.seace.gob.pe/buscador-publico/contrataciones/99053,https://prod6.seace.gob.pe/v1/s8uit-services/archivo/archivos-publico/descargar-archivo-contrato/393693,1,2026-10-05T19:47:06-05:00,08/10/2026 18:00:00
98462,CM-943-2026-HRC-UL-ADQ,Vigente,Bien,GOBIERNO REGIONAL DE CUSCO - HOSPITAL REGIONAL CUSCO,,CUSCO,CUSCO,CUSCO,2026-09-30T10:55:16-05:00,2026-10-05T10:00:00-05:00,"4 d, 19 h restantes",,,"ADQUISICION DE KIT DE TINCION, HIDROXIDO DE POTASIO, ACEITE DE INMERCION, PAPEL PARAFILM, LAMINA PORTA OBJETO, LAMINILLA CUBRE OBJETOS, ASA DE SIEMBRA DESCARTABLE, PLACAS PETRI DESCARTABLES ESTERILES, MECHERO BUNSEN, JARRA DE ANAEROBIOSIS PARA EL LABORATORIO CERITSS - HRC (EXP. 19129)",https://prod6.seace.gob.pe/buscador-publico/contrataciones/98462,https://prod6.seace.gob.pe/v1/s8uit-services/archivo/archivos-publico/descargar-archivo-contrato/391451,1,2026-09-30T14:16:49-05:00,05/10/2026 10:00:00
98436,CM-942-2026-HRC-UL-ADQ,Vigente,Bien,GOBIERNO REGIONAL DE CUSCO - HOSPITAL REGIONAL CUSCO,,CUSCO,CUSCO,CUSCO,2026-09-30T10:13:00-05:00,2026-10-05T10:00:00-05:00,"4 d, 19 h restantes",,,"ADQUISICION DE SUPLEMENTO DE ENRIQUECIMIENTO, INHIBIDOR, AGAR, HEMOGLOBINA, TIRAS REACTIVAS PARA EL LABORATORIO CERITSS - HRC (EXP. 19129)",https://prod6.seace.gob.pe/buscador-publico/contrataciones/98436,https://prod6.seace.gob.pe/v1/s8uit-services/archivo/archivos-publico/descargar-archivo-contrato/391435,1,2026-09-30T14:16:49-05:00,05/10/2026 10:00:00
98392,CM-1011-2026-HRGDV-A,Vigente,Bien,GOBIERNO REGIONAL DE APURIMAC - HOSPITAL GUILLERMO DIAZ DE LA VEGA ABANCAY,,APURIMAC,ABANCAY,ABANCAY,2026-09-30T09:22:31-05:00,2026-10-06T10:00:00-05:00,20 h restantes,,,"REQUERIMIENTO DE (ESTANDARTE), PARA LA UNIDAD DE GESTION DEL RIESGO DE DESASTRES Y DEFENSA NACIONAL PARA EL PROGRAMA PRESUPUESTAL 0068",https://prod6.seace.gob.pe/buscador-publico/contrataciones/98392,https://prod6.seace.gob.pe/v1/s8uit-services/archivo/archivos-publico/descargar-archivo-contrato/391272,1,2026-10-05T13:24:02-05:00,06/10/2026 10:00:00
98278,CM-936-2026-HRC-UL-ADQ,Vigente,Bien,GOBIERNO REGIONAL DE CUSCO - HOSPITAL REGIONAL CUSCO,,CUSCO,CUSCO,CUSCO,2026-09-29T18:55:49-05:00,2026-10-06T12:00:00-05:00,"2 d, 23 h restantes",,,ADQUISICION DE HALOPERIDOL 5 MG/ML SOLUCION INYECTABLE 1ML (EXP. 20091),https://prod6.seace.gob.pe/buscador-publico/contrataciones/98278,https://prod6.seace.gob.pe/v1/s8uit-services/archivo/archivos-publico/descargar-archivo-contrato/390933,1,2026-10-03T12:14:43-05:00,06/10/2026 12:00:00
97277,CM-15-2026-DEC/UNAVRAEM,Vigente,Servicio,UNIVERSIDAD NACIONAL DEL VRAEM,,CUSCO,LA CONVENCION,PICHARI,2026-09-25T12:09:40-05:00,2026-09-29T23:59:00-05:00,"4 d, 10 h restantes",,,"SERVICIO DE ASISTENCIA TÉCNICO PARA LA ELABORACIÓN, REVISIÓN Y/O REDACCIÓN DE DOCUMENTOS DE GESTIÓN DE LA INVESTIGACIÓN DE LA VICEPRESIDENCIA DE INVESTIGACIÓN",https://prod6.seace.gob.pe/buscador-publico/contrataciones/97277,https://prod6.seace.gob.pe/v1/s8uit-services/archivo/archivos-publico/descargar-archivo-contrato/387322,1,2026-09-25T13:33:58-05:00,29/09/2026 23:59:00
96809,CM-927-2026-HRC-UL-ADQ,Vigente,Bien,GOBIERNO REGIONAL DE CUSCO - HOSPITAL REGIONAL CUSCO,,CUSCO,CUSCO,CUSCO,2026-09-23T17:25:02-05:00,2026-10-06T12:00:00-05:00,"2 d, 23 h restantes",,,ADQUISICION DE ACIDO SULFADIAZINA DE PLATA 1% X 400G (EXP. 20114),https://prod6.seace.gob.pe/buscador-publico/contrataciones/96809,https://prod6.seace.gob.pe/v1/s8uit-services/archivo/archivos-publico/descargar-archivo-contrato/385247,1,2026-10-03T12:14:43-05:00,06/10/2026 12:00:00
96514,CM-915-2026-HRC-UL-ADQ,Vigente,Bien,GOBIERNO REGIONAL DE CUSCO - HOSPITAL REGIONAL CUSCO,,CUSCO,CUSCO,CUSCO,2026-09-22T19:06:12-05:00,2026-10-06T10:00:00-05:00,"2 d, 21 h restantes",,,ADQUISICION DE VALGANCICLOVIR 500 MG (EXP. 20092),https://prod6.seace.gob.pe/buscador-publico/contrataciones/96514,https://prod6.seace.gob.pe/v1/s8uit-services/archivo/archivos-publico/descargar-archivo-contrato/383737,1,2026-10-03T12:14:43-05:00,06/10/2026 10:00:00
96210,CM-1-2026-UEHAL,Vigente,Bien,GOBIERNO REGIONAL DE CUSCO - UNIDAD EJECUTORA HOSPITAL ANTONIO LORENA,,CUSCO,CUSCO,SANTIAGO,2026-09-22T10:09:35-05:00,2026-09-23T20:00:00-05:00,"1 d, 6 h restantes",,,"EL PRESENTE REQUERIMIENTO TIENE POR OBJETIVO GARANTIZAR EL SUMINISTRO DE INSUMOS DE LIMPIEZA  PARA EL LAVADO DE MATERIALES, ROPA HOSPITALARIA SANEAMIENTO HOSPITALARIO EN GENERAL",https://prod6.seace.gob.pe/buscador-publico/contrataciones/96210,https://prod6.seace.gob.pe/v1/s8uit-services/archivo/archivos-publico/descargar-archivo-contrato/382334,1,2026-09-22T13:51:58-05:00,23/09/2026 20:00:00
96180,CM-984-2026-HRGDV-A,Vigente,Bien,GOBIERNO REGIONAL DE APURIMAC - HOSPITAL GUILLERMO DIAZ DE LA VEGA ABANCAY,,APURIMAC,ABANCAY,ABANCAY,2026-09-22T09:12:23-05:00,2026-09-30T12:00:00-05:00,"1 d, 1 h restantes",,,REQUERIMIENTO DE MEDICAMENTOS (MAGNESIO SULFATO). COT-753,https://prod6.seace.gob.pe/buscador-publico/contrataciones/96180,https://prod6.seace.gob.pe/v1/s8uit-services/archivo/archivos-publico/descargar-archivo-contrato/382191,1,2026-09-29T10:48:04-05:00,30/09/2026 12:00:00
96166,CM-981-2026-HRGDV-A,Vigente,Bien,GOBIERNO REGIONAL DE APURIMAC - HOSPITAL GUILLERMO DIAZ DE LA VEGA ABANCAY,,APURIMAC,ABANCAY,ABANCAY,2026-09-22T08:15:20-05:00,2026-10-02T12:00:00-05:00,19 h restantes,,,"REQUERIMIENTO DE MATERIALES PARA LA CAMPAÑA DE SEMANA PERU CONTRA EL CANCER , PARA EL DEPARTAMENTO DE ONCOLOGIA COT-757.",https://prod6.seace.gob.pe/buscador-publico/contrataciones/96166,https://prod6.seace.gob.pe/v1/s8uit-services/archivo/archivos-publico/descargar-archivo-contrato/382118,1,2026-10-01T16:48:19-05:00,02/10/2026 12:00:00
95849,CM-1373-2026-GRA/AUTODEMA,Vigente,Servicio,GOBIERNO REGIONAL DE AREQUIPA - PROYECTO ESPECIAL MAJES-SIGUAS  AUTODEMA,,CUSCO,ESPINAR,CONDOROMA,2026-09-21T09:14:43-05:00,2026-10-09T15:00:00-05:00,"4 d, 1 h restantes",,,SERVICIO DE CONFECCION E INSTALACION DE MODULO PREFABRICADOS PEDIDO 672,https://prod6.seace.gob.pe/buscador-publico/contrataciones/95849,https://prod6.seace.gob.pe/v1/s8uit-services/archivo/archivos-publico/descargar-archivo-contrato/380682,1,2026-10-05T13:24:02-05:00,09/10/2026 15:00:00
95493,CM-965-2026-HRGDV-A,Vigente,Bien,GOBIERNO REGIONAL DE APURIMAC - HOSPITAL GUILLERMO DIAZ DE LA VEGA ABANCAY,,APURIMAC,ABANCAY,ABANCAY,2026-09-18T08:43:29-05:00,2026-09-28T09:00:00-05:00,"4 d, 17 h restantes",,,REQUERIMIENTO DE MATERIALES DE OSTEOSINTESIS (SISTEMA DE FIJACION ACROMIO CLAVICULAR). COT-730,https://prod6.seace.gob.pe/buscador-publico/contrataciones/95493,https://prod6.seace.gob.pe/v1/s8uit-services/archivo/archivos-publico/descargar-archivo-contrato/379202,1,2026-09-23T15:19:29-05:00,28/09/2026 09:00:00
95464,CM-887-2026-HRC-UL-ADQ,Vigente,Bien,GOBIERNO REGIONAL DE CUSCO - HOSPITAL REGIONAL CUSCO,,CUSCO,CUSCO,CUSCO,2026-09-17T19:20:01-05:00,2026-09-29T09:00:00-05:00,16 h restantes,,,ADQUISICION DE MAGNESIO SULFATO 200 MG/ML INY 10 ML (EXP. 20089),https://prod6.seace.gob.pe/buscador-publico/contrataciones/95464,https://prod6.seace.gob.pe/v1/s8uit-services/archivo/archivos-publico/descargar-archivo-contrato/378999,1,2026-09-28T16:58:25-05:00,29/09/2026 09:00:00
95368,CM-885-2026-HRC-UL-ADQ,Vigente,Servicio,GOBIERNO REGIONAL DE CUSCO - HOSPITAL REGIONAL CUSCO,,CUSCO,CUSCO,CUSCO,2026-09-17T17:01:01-05:00,2026-09-22T10:00:00-05:00,21 h restantes,,,CONTRATACION DEL SERVICIO DE MEDICO ESPECIALISTA EN GINECOLOGIA Y OBSTETRICIA (EXP. 17294),https://prod6.seace.gob.pe/buscador-publico/contrataciones/95368,https://prod6.seace.gob.pe/v1/s8uit-services/archivo/archivos-publico/descargar-archivo-contrato/378691,1,2026-09-21T12:01:22-05:00,22/09/2026 10:00:00
95365,CM-884-2026-HRC-UL-ADQ,Vigente,Servicio,GOBIERNO REGIONAL DE CUSCO - HOSPITAL REGIONAL CUSCO,,CUSCO,CUSCO,CUSCO,2026-09-17T16:57:50-05:00,2026-09-22T09:00:00-05:00,20 h restantes,,,SERVICIO ESPECIALIZADO EN RADIONCOLOGIA (Exp. 18799),https://prod6.seace.gob.pe/buscador-publico/contrataciones/95365,https://prod6.seace.gob.pe/v1/s8uit-services/archivo/archivos-publico/descargar-archivo-contrato/378703,1,2026-09-21T12:01:22-05:00,22/09/2026 09:00:00
95380,CM-960-2026-HRGDV-A,Vigente,Bien,GOBIERNO REGIONAL DE APURIMAC - HOSPITAL GUILLERMO DIAZ DE LA VEGA ABANCAY,,APURIMAC,ABANCAY,ABANCAY,2026-09-17T16:47:37-05:00,2026-10-02T17:00:00-05:00,"2 d, 8 h restantes",,,REQUERIMIENTO DE DISPOSITIVO MEDICO  PARA EL DEPARTAMENTO DE ANESTESIOLOGIA DEL HRGDV. COT 742,https://prod6.seace.gob.pe/buscador-publico/contrataciones/95380,https://prod6.seace.gob.pe/v1/s8uit-services/archivo/archivos-publico/descargar-archivo-contrato/378644,1,2026-09-30T08:39:34-05:00,02/10/2026 17:00:00
95354,CM-879-2026-HRC-UL-ADQ,Vigente,Servicio,GOBIERNO REGIONAL DE CUSCO - HOSPITAL REGIONAL CUSCO,,CUSCO,CUSCO,CUSCO,2026-09-17T16:27:29-05:00,2026-09-18T12:00:00-05:00,17 h restantes,,,CONTRATACION DEL SERVICIO DE MEDICO ESPECIALISTA EN DERMATOLOGIA (EXP. 18370),https://prod6.seace.gob.pe/buscador-publico/contrataciones/95354,https://prod6.seace.gob.pe/v1/s8uit-services/archivo/archivos-publico/descargar-archivo-contrato/378610,1,2026-09-17T18:32:47-05:00,18/09/2026 12:00:00
95305,CM-875-2026-HRC-UL-ADQ,Vigente,Bien,GOBIERNO REGIONAL DE CUSCO - HOSPITAL REGIONAL CUSCO,,CUSCO,CUSCO,CUSCO,2026-09-17T15:28:28-05:00,2026-09-23T14:00:00-05:00,"1 d, 0 h restantes",,,ADQUISICION DE MODULO RESPIRATORIO Y DE GASES DE ANESTESIA PARA MAQUINA DE ANESTESIA (EXP. 19775),https://prod6.seace.gob.pe/buscador-publico/contrataciones/95305,https://prod6.seace.gob.pe/v1/s8uit-services/archivo/archivos-publico/descargar-archivo-contrato/378328,1,2026-09-22T13:51:58-05:00,23/09/2026 14:00:00
95211,CM-871-2026-HRC-UL-ADQ,Vigente,Bien,GOBIERNO REGIONAL DE CUSCO - HOSPITAL REGIONAL CUSCO,,CUSCO,CUSCO,CUSCO,2026-09-17T12:03:29-05:00,2026-10-06T09:00:00-05:00,"4 d, 12 h restantes",,,"ADQUISICION INSUMOS QUIMICOS Y OTROS, PARA CONTROL INTEGRADO DE INSECTOS VECTORES Y ARTROPODOS (EXP. 20255)",https://prod6.seace.gob.pe/buscador-publico/contrataciones/95211,https://prod6.seace.gob.pe/v1/s8uit-services/archivo/archivos-publico/descargar-archivo-contrato/377978,1,2026-10-01T20:40:15-05:00,06/10/2026 09:00:00
95206,CM-870-2026-HRC-UL-ADQ,Vigente,Bien,GOBIERNO REGIONAL DE CUSCO - HOSPITAL REGIONAL CUSCO,,CUSCO,CUSCO,CUSCO,2026-09-17T11:55:09-05:00,2026-09-21T09:00:00-05:00,"3 d, 21 h restantes",,,ADQUISICION DE AIRE MEDICINAL COMPRIMIDO (EXP. 20260),https://prod6.seace.gob.pe/buscador-publico/contrataciones/95206,https://prod6.seace.gob.pe/v1/s8uit-services/archivo/archivos-publico/descargar-archivo-contrato/377947,1,2026-09-17T11:57:19-05:00,21/09/2026 09:00:00
95014,CM-867-2026-HRC-UL-ADQ,Vigente,Servicio,GOBIERNO REGIONAL DE CUSCO - HOSPITAL REGIONAL CUSCO,,CUSCO,CUSCO,CUSCO,2026-09-16T16:53:02-05:00,2026-09-21T12:00:00-05:00,"3 d, 17 h restantes",,,"CONTRATACION DEL SERVICIO DE ACCESO DEDICADO A INTERNET, SEGURIDAD Y ADMINISTRACION DE ANCHO DE BANDA PARA EL HOSPITAL REGIONAL CUSCO (EXP. 17113)",https://prod6.seace.gob.pe/buscador-publico/contrataciones/95014,https://prod6.seace.gob.pe/v1/s8uit-services/archivo/archivos-publico/descargar-archivo-contrato/377072,1,2026-09-17T18:32:47-05:00,21/09/2026 12:00:00
94888,CM-957-2026-HRGDV-A,Vigente,Bien,GOBIERNO REGIONAL DE APURIMAC - HOSPITAL GUILLERMO DIAZ DE LA VEGA ABANCAY,,APURIMAC,ABANCAY,ABANCAY,2026-09-16T14:28:45-05:00,2026-10-02T12:00:00-05:00,"4 d, 1 h restantes",,,REQUERIMIENTO DE MATERIALES PARA REPARACION. COT-707,https://prod6.seace.gob.pe/buscador-publico/contrataciones/94888,https://prod6.seace.gob.pe/v1/s8uit-services/archivo/archivos-publico/descargar-archivo-contrato/376662,1,2026-09-28T10:24:15-05:00,02/10/2026 12:00:00
94768,CM-1339-2026-GRA/AUTODEMA,Vigente,Servicio,GOBIERNO REGIONAL DE AREQUIPA - PROYECTO ESPECIAL MAJES-SIGUAS  AUTODEMA,,CUSCO,ESPINAR,CONDOROMA,2026-09-16T09:47:58-05:00,2026-10-09T16:00:00-05:00,"4 d, 2 h restantes",,,SERVICIO DE CAPACITACION TECNICA EN MANEJO Y BUENAS PRACTICAS DE TRUCHICULTURA - PEDIDO 779,https://prod6.seace.gob.pe/buscador-publico/contrataciones/94768,https://prod6.seace.gob.pe/v1/s8uit-services/archivo/archivos-publico/descargar-archivo-contrato/376004,1,2026-10-05T13:24:02-05:00,09/10/2026 16:00:00
93880,CM-861-2026-HRC-UL-ADQ,Vigente,Servicio,GOBIERNO REGIONAL DE CUSCO - HOSPITAL REGIONAL CUSCO,,CUSCO,CUSCO,CUSCO,2026-09-11T17:51:30-05:00,2026-09-17T14:00:00-05:00,20 h restantes,,,CONTRATACION DEL SERVICIO DE MANTENIMIENTO PREVENTIVO Y CORRECTIVO DE LAS PLANTAS DE OXIGENO MEDICINAL N°1 Y N°2 DEL HOSPITAL REGIONAL DEL CUSCO (EXP. 17504),https://prod6.seace.gob.pe/buscador-publico/contrataciones/93880,https://prod6.seace.gob.pe/v1/s8uit-services/archivo/archivos-publico/descargar-archivo-contrato/372479,1,2026-09-16T17:08:13-05:00,17/09/2026 14:00:00
92815,CM-852-2026-HRC-UL-ADQ,Vigente,Bien,GOBIERNO REGIONAL DE CUSCO - HOSPITAL REGIONAL CUSCO,,CUSCO,CUSCO,CUSCO,2026-09-08T16:15:32-05:00,2026-09-25T12:00:00-05:00,"1 d, 1 h restantes",,,ADQUISICION DE UN TRANSDUCTOR ECOGRAFICO LINEAL MATRIZ ACTIVA MODELO ML6-15 PARA EL EQUIPO ECOGRAFO DE ULTRASONIDO,https://prod6.seace.gob.pe/buscador-publico/contrataciones/92815,https://prod6.seace.gob.pe/v1/s8uit-services/archivo/archivos-publico/descargar-archivo-contrato/368127,1,2026-09-24T10:03:08-05:00,25/09/2026 12:00:00
92807,CM-851-2026-HRC-UL-ADQ,Vigente,Servicio,GOBIERNO REGIONAL DE CUSCO - HOSPITAL REGIONAL CUSCO,,CUSCO,CUSCO,CUSCO,2026-09-08T16:08:14-05:00,2026-09-25T12:00:00-05:00,"1 d, 1 h restantes",,,CONTRATACION DEL SERVICIO ESPECIALIZADO DE MANTENIMIENTO CORRECTIVO DEL EQUIPO BIOMEDICO ECOGRAFO DE ULTRA SONIDO CON CUATRO TRANSDUCTORES (EXP. 18279),https://prod6.seace.gob.pe/buscador-publico/contrataciones/92807,https://prod6.seace.gob.pe/v1/s8uit-services/archivo/archivos-publico/descargar-archivo-contrato/368099,1,2026-09-24T10:03:08-05:00,25/09/2026 12:00:00
92522,CM-1250-2026-GRA/AUTODEMA,Vigente,Servicio,GOBIERNO REGIONAL DE AREQUIPA - PROYECTO ESPECIAL MAJES-SIGUAS  AUTODEMA,,CUSCO,ESPINAR,CONDOROMA,2026-09-07T17:27:14-05:00,2026-09-29T23:00:00-05:00,"1 d, 12 h restantes",,,ALQUILER DE RODILLO VIBRATORIO PEDIDO DE SERVICIO 846,https://prod6.seace.gob.pe/buscador-publico/contrataciones/92522,https://prod6.seace.gob.pe/v1/s8uit-services/archivo/archivos-publico/descargar-archivo-contrato/366970,1,2026-09-28T10:24:15-05:00,29/09/2026 23:00:00
92372,CM-840-2026-HRC-UL-ADQ,Vigente,Servicio,GOBIERNO REGIONAL DE CUSCO - HOSPITAL REGIONAL CUSCO,,CUSCO,CUSCO,CUSCO,2026-09-07T14:38:21-05:00,2026-09-08T11:00:00-05:00,20 h restantes,,,CONTRATACION DEL SERVICIO MEDICO ESPECIALISTA EN CIRUGIA TORAX Y CARDIOVASCULAR (EXP. 18636),https://prod6.seace.gob.pe/buscador-publico/contrataciones/92372,https://prod6.seace.gob.pe/v1/s8uit-services/archivo/archivos-publico/descargar-archivo-contrato/366439,1,2026-09-07T14:56:21-05:00,08/09/2026 11:00:00
92178,CM-834-2026-HRC-UL-ADQ,Vigente,Servicio,GOBIERNO REGIONAL DE CUSCO - HOSPITAL REGIONAL CUSCO,,CUSCO,CUSCO,CUSCO,2026-09-04T18:43:24-05:00,2026-09-09T12:00:00-05:00,16 h restantes,,,CONTRATACION DEL SERVICIO DE CALIBRACION MATENIMIENTO DE EQUIPOS BIOMEDICOS PARA EL SERVICIO DE SALUD OCUPACIONAL (EXP. 17040),https://prod6.seace.gob.pe/buscador-publico/contrataciones/92178,https://prod6.seace.gob.pe/v1/s8uit-services/archivo/archivos-publico/descargar-archivo-contrato/365607,1,2026-09-08T19:11:47-05:00,09/09/2026 12:00:00
91568,CM-824-2026-HRC-UL-ADQ,Vigente,Bien,GOBIERNO REGIONAL DE CUSCO - HOSPITAL REGIONAL CUSCO,,CUSCO,CUSCO,CUSCO,2026-09-02T18:59:51-05:00,2026-09-04T11:00:00-05:00,"1 d, 15 h restantes",,,CONTRATACION DEL SERVICIO DE IMPRESION DE FORMATOS DE ENTREGA DE CUPOS PARA CONSULTA EXTERNA (EXP. 18087),https://prod6.seace.gob.pe/buscador-publico/contrataciones/91568,https://prod6.seace.gob.pe/v1/s8uit-services/archivo/archivos-publico/descargar-archivo-contrato/363339,1,2026-09-02T19:13:25-05:00,04/09/2026 11:00:00
91551,CM-822-2026-HRC-UL-ADQ,Vigente,Bien,GOBIERNO REGIONAL DE CUSCO - HOSPITAL REGIONAL CUSCO,,CUSCO,CUSCO,CUSCO,2026-09-02T18:45:37-05:00,2026-09-04T11:00:00-05:00,"1 d, 15 h restantes",,,ADQUISICION DE LINEA PARA BOMBA DE INFUSION PARA LA ELABORACION DE QUIMIOTERAPIAS (EXP. 13795),https://prod6.seace.gob.pe/buscador-publico/contrataciones/91551,https://prod6.seace.gob.pe/v1/s8uit-services/archivo/archivos-publico/descargar-archivo-contrato/363293,1,2026-09-02T19:13:25-05:00,04/09/2026 11:00:00
91564,CM-820-2026-HRC-UL-ADQ,Vigente,Bien,GOBIERNO REGIONAL DE CUSCO - HOSPITAL REGIONAL CUSCO,,CUSCO,CUSCO,CUSCO,2026-09-02T18:31:52-05:00,2026-09-04T18:30:00-05:00,"1 d, 23 h restantes",,,"ADQUISICION DE HEMOSTATICO TOPICO ABSORBIBLE DE CELULOSA OXIGENADA REGENERADA DE 10,2CM X 20,3CM Y HEMOSTATICO ABSORBIBLE DE CELULOSA OXIGENADA Y REGENERADA DE TEJIDO FIBROSO 5,1CM X 10,20CM (EXP. 17443)",https://prod6.seace.gob.pe/buscador-publico/contrataciones/91564,https://prod6.seace.gob.pe/v1/s8uit-services/archivo/archivos-publico/descargar-archivo-contrato/363254,1,2026-09-02T19:13:25-05:00,04/09/2026 18:30:00
89312,CM-906-2026-HRGDV-A,Vigente,Bien,GOBIERNO REGIONAL DE APURIMAC - HOSPITAL GUILLERMO DIAZ DE LA VEGA ABANCAY,,APURIMAC,ABANCAY,ABANCAY,2026-08-25T16:09:33-05:00,2026-09-14T13:00:00-05:00,"2 d, 23 h restantes",,,"REQUERIMIENTO DE INSUMOS MEDICOS (CASSETE DE PEROXIDO DE HIDROGENO), PARA EL SERVICIO DE CENTRAL DE ESTERILIZACION DEL HRGDV-ABANCAY",https://prod6.seace.gob.pe/buscador-publico/contrataciones/89312,https://prod6.seace.gob.pe/v1/s8uit-services/archivo/archivos-publico/descargar-archivo-contrato/354417,1,2026-09-11T13:30:01-05:00,14/09/2026 13:00:00
88050,CM-887-2026-HRGDV-A,Vigente,Servicio,GOBIERNO REGIONAL DE APURIMAC - HOSPITAL GUILLERMO DIAZ DE LA VEGA ABANCAY,,APURIMAC,ABANCAY,ABANCAY,2026-08-19T15:15:59-05:00,2026-09-14T18:00:00-05:00,"3 d, 4 h restantes",,,MANTENIMIENTO DE CABINA DE SEGURIDAD BIOLOGICA DEL SERVICIO DE ANATOMIA PATOLOGICA DEL HRGDV-ABANCAY,https://prod6.seace.gob.pe/buscador-publico/contrataciones/88050,https://prod6.seace.gob.pe/v1/s8uit-services/archivo/archivos-publico/descargar-archivo-contrato/349083,1,2026-09-11T13:30:01-05:00,14/09/2026 18:00:00
88020,CM-786-2026-HRC-UL-ADQ,Vigente,Servicio,GOBIERNO REGIONAL DE CUSCO - HOSPITAL REGIONAL CUSCO,,CUSCO,CUSCO,CUSCO,2026-08-19T13:25:41-05:00,2026-08-21T12:00:00-05:00,"1 d, 22 h restantes",,,CONTRATACION DEL SERVICIO MEDICO AUDITOR NEUROCIRUGIA PARA LA OFICINA DE SEGUROS (EXP. 17440),https://prod6.seace.gob.pe/buscador-publico/contrataciones/88020,https://prod6.seace.gob.pe/v1/s8uit-services/archivo/archivos-publico/descargar-archivo-contrato/348853,1,2026-08-19T13:51:39-05:00,21/08/2026 12:00:00
87780,CM-775-2026-HRC-UL-ADQ,Vigente,Servicio,GOBIERNO REGIONAL DE CUSCO - HOSPITAL REGIONAL CUSCO,,CUSCO,CUSCO,CUSCO,2026-08-18T15:33:00-05:00,2026-08-19T13:30:00-05:00,Vencido,,,CONTRATACION DEL SERVICIO PROFESIONAL DE MEDICO ESPECIALISTA EN NEUROLOGIA (EXP. 15988),https://prod6.seace.gob.pe/buscador-publico/contrataciones/87780,https://prod6.seace.gob.pe/v1/s8uit-services/archivo/archivos-publico/descargar-archivo-contrato/347747,1,2026-08-19T13:51:39-05:00,19/08/2026 13:30:00
87558,CM-772-2026-HRC-UL-ADQ,Vigente,Servicio,GOBIERNO REGIONAL DE CUSCO - HOSPITAL REGIONAL CUSCO,,CUSCO,CUSCO,CUSCO,2026-08-17T18:53:57-05:00,2026-08-18T12:00:00-05:00,15 h restantes,,,CONTRATACION DEL SERVICIO DE ASISTENCIA TECNICA EN LOGISTICA (EXP. 16574),https://prod6.seace.gob.pe/buscador-publico/contrataciones/87558,https://prod6.seace.gob.pe/v1/s8uit-services/archivo/archivos-publico/descargar-archivo-contrato/346665,1,2026-08-17T20:49:02-05:00,18/08/2026 12:00:00
87499,CM-771-2026-HRC-UL-ADQ,Vigente,Servicio,GOBIERNO REGIONAL DE CUSCO - HOSPITAL REGIONAL CUSCO,,CUSCO,CUSCO,CUSCO,2026-08-17T17:17:15-05:00,2026-08-19T11:00:00-05:00,23 h restantes,,,CONTRATACION DE 03 MEDICOS ESPECIALISTAS EN CIRUGIA GENERAL (EXP. 16856),https://prod6.seace.gob.pe/buscador-publico/contrataciones/87499,https://prod6.seace.gob.pe/v1/s8uit-services/archivo/archivos-publico/descargar-archivo-contrato/346389,1,2026-08-18T11:46:57-05:00,19/08/2026 11:00:00
86835,CM-58-2026-SUTRAN,Vigente,Bien,"SUPERINTENDENCIA DE TRANSPORTE TERRESTRE DE PERSONAS, CARGA Y MERCANCIAS",,CUSCO,CUSCO,CUSCO,2026-08-13T18:39:24-05:00,2026-08-19T23:59:00-05:00,"6 d, 5 h restantes",,,ADQUISICIÓN DE COMBUSTIBLE GASOHOL PREMIUM PARA LAS UNIDADES VEHICULARES ASIGNADAS A LA UNIDAD DESCONCENTRADA CUZCO,https://prod6.seace.gob.pe/buscador-publico/contrataciones/86835,https://prod6.seace.gob.pe/v1/s8uit-services/archivo/archivos-publico/descargar-archivo-contrato/343547,1,2026-08-13T18:56:42-05:00,19/08/2026 23:59:00
86840,CM-768-2026-HRC-UL-ADQ,Vigente,Servicio,GOBIERNO REGIONAL DE CUSCO - HOSPITAL REGIONAL CUSCO,,CUSCO,CUSCO,CUSCO,2026-08-13T17:28:57-05:00,2026-08-17T08:00:00-05:00,"1 d, 11 h restantes",,,CONTRATACION DE PERSONAL TECNICO EN PERU COMPRAS PARA LA UNIDAD DE LOGISTICA (EXP. 16574),https://prod6.seace.gob.pe/buscador-publico/contrataciones/86840,https://prod6.seace.gob.pe/v1/s8uit-services/archivo/archivos-publico/descargar-archivo-contrato/343505,1,2026-08-15T20:56:06-05:00,17/08/2026 08:00:00
86588,CM-873-2026-HRGDV-A,Vigente,Bien,GOBIERNO REGIONAL DE APURIMAC - HOSPITAL GUILLERMO DIAZ DE LA VEGA ABANCAY,,APURIMAC,ABANCAY,ABANCAY,2026-08-12T17:51:14-05:00,2026-09-14T13:00:00-05:00,"2 d, 23 h restantes",,,"REQUERIMIENTO DE PRODUCTOS FARMACEUTICOS (BIPERIDENO LACTATO 5 MG/ML INY 1 ML CLORPROMAZINA CLORHIDRATO 100 MG TAB) PARA EL SERVICIO DE SALUD MENTAL,DEPARTAMENTO DE FARMACIA DEL HRGDVA.",https://prod6.seace.gob.pe/buscador-publico/contrataciones/86588,https://prod6.seace.gob.pe/v1/s8uit-services/archivo/archivos-publico/descargar-archivo-contrato/342334,1,2026-09-11T13:30:01-05:00,14/09/2026 13:00:00
86253,CM-2112-2026-INIA,Vigente,Bien,INSTITUTO NACIONAL DE INNOVACION AGRARIA - INIA,,CUSCO,LA CONVENCION,PICHARI,2026-08-11T17:59:35-05:00,2026-08-17T08:00:00-05:00,"5 d, 13 h restantes",,,"PC 2112 ADQUISICIÓN DE REACTIVOS E INSUMOS DE LABORATORIO EN EL MARCO DEL PROYECTO DE INVERSIÓN CON CUI N° 2472654 ¿ PI PERLA DEL VRAEM
COTIZAR DE ACUERDO A LA EETT ADJUNTA.",https://prod6.seace.gob.pe/buscador-publico/contrataciones/86253,https://prod6.seace.gob.pe/v1/s8uit-services/archivo/archivos-publico/descargar-archivo-contrato/340946,1,2026-08-11T18:00:46-05:00,17/08/2026 08:00:00
86250,CM-767-2026-HRC-UL-ADQ,Vigente,Servicio,GOBIERNO REGIONAL DE CUSCO - HOSPITAL REGIONAL CUSCO,,CUSCO,CUSCO,CUSCO,2026-08-11T17:32:12-05:00,2026-08-13T08:00:00-05:00,"1 d, 13 h restantes",,,CONTRATACION DEL SERVICIO DE MANTENIMIENTO PREVENTIVO Y CORRECTIVO DEL EQUIPO BIOMEDICO DE ALTA TECNOLOGIA TOMOGRAFO COMPUTARIZADO MULTICORTE (EXP. 11797),https://prod6.seace.gob.pe/buscador-publico/contrataciones/86250,https://prod6.seace.gob.pe/v1/s8uit-services/archivo/archivos-publico/descargar-archivo-contrato/340920,1,2026-08-11T18:00:46-05:00,13/08/2026 08:00:00
84512,CM-744-2026-HRC-UL-ADQ,Vigente,Servicio,GOBIERNO REGIONAL DE CUSCO - HOSPITAL REGIONAL CUSCO,,CUSCO,,,2026-08-03T15:56:47-05:00,2026-08-07T11:00:00-05:00,"2 d, 19 h restantes",,,CONTRATACION DEL SERVICIO DE MANTENIMIENTO CORRECTIVO DE IMPRESORA Y EQUIPO DE COMPUTO (EXP. 11752),https://prod6.seace.gob.pe/buscador-publico/contrataciones/84512,,,2026-08-04T15:56:30-05:00,07/08/2026 11:00:00
84115,CM-733-2026-HRC-UL-ADQ,Vigente,Servicio,GOBIERNO REGIONAL DE CUSCO - HOSPITAL REGIONAL CUSCO,,CUSCO,,,2026-07-31T17:09:33-05:00,2026-08-03T13:00:00-05:00,Vencido,,,CONTRATACION DEL SERVICIO DE 02 PROFESIONAL QUIMICOS FARMACEUTICOS PARA DISPENSACION (EXP. 16165),https://prod6.seace.gob.pe/buscador-publico/contrataciones/84115,,,2026-08-04T15:56:30-05:00,03/08/2026 13:00:00
84086,CM-726-2026-HRC-UL-ADQ,Vigente,Servicio,GOBIERNO REGIONAL DE CUSCO - HOSPITAL REGIONAL CUSCO,,CUSCO,,,2026-07-31T16:30:53-05:00,2026-08-05T11:00:00-05:00,19 h restantes,,,CONTRATACION DEL SERVICIO MEDICO ESPECIALISTA EN CIRUGIA TORAX Y CARDIOVASCULAR (EXP. 16559),https://prod6.seace.gob.pe/buscador-publico/contrataciones/84086,,,2026-08-04T15:56:30-05:00,05/08/2026 11:00:00
84083,CM-725-2026-HRC-UL-ADQ,Vigente,Servicio,GOBIERNO REGIONAL DE CUSCO - HOSPITAL REGIONAL CUSCO,,CUSCO,,,2026-07-31T16:27:53-05:00,2026-08-05T11:00:00-05:00,19 h restantes,,,CONTRATACION DEL SERVICIO DE MEDICO ESPECIALISTA EN OTORRINOLARINGOLOGIA (EXP. 16559),https://prod6.seace.gob.pe/buscador-publico/contrataciones/84083,,,2026-08-04T15:56:30-05:00,05/08/2026 11:00:00
84069,CM-724-2026-HRC-UL-ADQ,Vigente,Servicio,GOBIERNO REGIONAL DE CUSCO - HOSPITAL REGIONAL CUSCO,,CUSCO,,,2026-07-31T16:25:29-05:00,2026-08-05T11:00:00-05:00,19 h restantes,,,"CONTRATACION DE SERVICIO DE MEDICO ESPECIALISTA EN CIRUGIA DE CABEZA, CUELLO Y MAXILOFACIAL (EXP. 16559)",https://prod6.seace.gob.pe/buscador-publico/contrataciones/84069,,,2026-08-04T15:56:30-05:00,05/08/2026 11:00:00
84077,CM-723-2026-HRC-UL-ADQ,Vigente,Servicio,GOBIERNO REGIONAL DE CUSCO - HOSPITAL REGIONAL CUSCO,,CUSCO,,,2026-07-31T16:21:01-05:00,2026-08-05T11:00:00-05:00,19 h restantes,,,CONTRATACION DEL SERVICIO DE MEDICO ESPECIALISTA EN OFTALMOLOGIA (EXP. 16559),https://prod6.seace.gob.pe/buscador-publico/contrataciones/84077,,,2026-08-04T15:56:30-05:00,05/08/2026 11:00:00
84056,CM-722-2026-HRC-UL-ADQ,Vigente,Servicio,GOBIERNO REGIONAL DE CUSCO - HOSPITAL REGIONAL CUSCO,,CUSCO,,,2026-07-31T16:18:02-05:00,2026-08-05T11:00:00-05:00,19 h restantes,,,CONTRATACION DEL SERVICIO DE MEDICO ESPECIALISTA EN OFTALMOLOGIA (EXP. 16559),https://prod6.seace.gob.pe/buscador-publico/contrataciones/84056,,,2026-08-04T15:56:30-05:00,05/08/2026 11:00:00
84062,CM-721-2026-HRC-UL-ADQ,Vigente,Servicio,GOBIERNO REGIONAL DE CUSCO - HOSPITAL REGIONAL CUSCO,,CUSCO,,,2026-07-31T16:13:31-05:00,2026-08-05T11:00:00-05:00,19 h restantes,,,CONTRATACION DEL SERVICIO DE MEDICO ESPECIALISTA EN DERMATOLOGIA (EXP. 15989),https://prod6.seace.gob.pe/buscador-publico/contrataciones/84062,,,2026-08-04T15:56:30-05:00,05/08/2026 11:00:00
84050,CM-719-2026-HRC-UL-ADQ,Vigente,Servicio,GOBIERNO REGIONAL DE CUSCO - HOSPITAL REGIONAL CUSCO,,CUSCO,,,2026-07-31T16:03:42-05:00,2026-08-05T11:00:00-05:00,19 h restantes,,,CONTRATACION DEL SERVICIO DE MEDICO ESPECIALISTA EN MEDICINA FAMILIAR (75 HORAS) (EXP. 16150),https://prod6.seace.gob.pe/buscador-publico/contrataciones/84050,,,2026-08-04T15:56:30-05:00,05/08/2026 11:00:00
84057,CM-718-2026-HRC-UL-ADQ,Vigente,Servicio,GOBIERNO REGIONAL DE CUSCO - HOSPITAL REGIONAL CUSCO,,CUSCO,,,2026-07-31T15:59:31-05:00,2026-08-05T11:00:00-05:00,19 h restantes,,,CONTRATACION DEL SERVICIO DE MEDICO ESPECIALISTA EN MEDICINA INTERNA Y/O EMERGENCIA Y DESASTRES (75 HORAS) (EXP. 16150),https://prod6.seace.gob.pe/buscador-publico/contrataciones/84057,,,2026-08-04T15:56:30-05:00,05/08/2026 11:00:00
84034,CM-717-2026-HRC-UL-ADQ,Vigente,Servicio,GOBIERNO REGIONAL DE CUSCO - HOSPITAL REGIONAL CUSCO,,CUSCO,,,2026-07-31T15:55:07-05:00,2026-08-05T11:00:00-05:00,19 h restantes,,,CONTRATACION DEL SERVICIO DE MEDICO ESPECIALISTA EN MEDICINA INTERNA Y/O EMERGENCIA Y DESASTRES (150 HORAS) (EXP. 16150),https://prod6.seace.gob.pe/buscador-publico/contrataciones/84034,,,2026-08-04T15:56:30-05:00,05/08/2026 11:00:00
84044,CM-716-2026-HRC-UL-ADQ,Vigente,Servicio,GOBIERNO REGIONAL DE CUSCO - HOSPITAL REGIONAL CUSCO,,CUSCO,,,2026-07-31T15:48:12-05:00,2026-08-05T11:00:00-05:00,19 h restantes,,,CONTRATACION DEL SERVICIO DE MEDICO ESPECIALISTA EN NEUMOLOGIA (EXP. 15987),https://prod6.seace.gob.pe/buscador-publico/contrataciones/84044,,,2026-08-04T15:56:30-05:00,05/08/2026 11:00:00
84037,CM-713-2026-HRC-UL-ADQ,Vigente,Servicio,GOBIERNO REGIONAL DE CUSCO - HOSPITAL REGIONAL CUSCO,,CUSCO,,,2026-07-31T15:37:16-05:00,2026-08-05T11:00:00-05:00,19 h restantes,,,CONTRATACION DEL SERVICIO DE MEDICO ESPECIALISTA EN GINECOLOGIA Y OBSTETRICIA (EXP. 16657),https://prod6.seace.gob.pe/buscador-publico/contrataciones/84037,,,2026-08-04T15:56:30-05:00,05/08/2026 11:00:00
84012,CM-711-2026-HRC-UL-ADQ,Vigente,Servicio,GOBIERNO REGIONAL DE CUSCO - HOSPITAL REGIONAL CUSCO,,CUSCO,,,2026-07-31T15:21:11-05:00,2026-08-05T11:00:00-05:00,19 h restantes,,,CONTRATACION DEL SERVICIO DE MEDICO ESPECIALISTA EN GINECOLOGIA Y OBSTETRICIA (EXP. 16657),https://prod6.seace.gob.pe/buscador-publico/contrataciones/84012,,,2026-08-04T15:56:30-05:00,05/08/2026 11:00:00
83571,CM-700-2026-HRC-UL-ADQ,Vigente,Bien,GOBIERNO REGIONAL DE CUSCO - HOSPITAL REGIONAL CUSCO,,CUSCO,,,2026-07-30T13:15:42-05:00,2026-08-03T12:00:00-05:00,Vencido,,,ADQUISICION DE ADALIMUMAB 40MG INYECTABLE - SERVICIO DE FARMACIA (Exp. 16138),https://prod6.seace.gob.pe/buscador-publico/contrataciones/83571,,,2026-08-04T15:56:30-05:00,03/08/2026 12:00:00
83555,CM-696-2026-HRC-UL-ADQ,Vigente,Bien,GOBIERNO REGIONAL DE CUSCO - HOSPITAL REGIONAL CUSCO,,CUSCO,,,2026-07-30T12:44:54-05:00,2026-08-03T12:00:00-05:00,Vencido,,,ADQUISICION DE SURFACTANTE PULMONAR DE ORIGEN NATURAL 25 MG/ML INY 8 ML - SERVICIO DE FARMACIA (Exp. 16138),https://prod6.seace.gob.pe/buscador-publico/contrataciones/83555,,,2026-08-04T15:56:30-05:00,03/08/2026 12:00:00
83553,CM-695-2026-HRC-UL-ADQ,Vigente,Bien,GOBIERNO REGIONAL DE CUSCO - HOSPITAL REGIONAL CUSCO,,CUSCO,,,2026-07-30T12:41:33-05:00,2026-08-03T12:00:00-05:00,Vencido,,,ADQUISICION DE SULFADIAZINA DE PLATA 1% X 400G - SERVICIO DE FARMACIA (Exp. 16138),https://prod6.seace.gob.pe/buscador-publico/contrataciones/83553,,,2026-08-04T15:56:30-05:00,03/08/2026 12:00:00
83448,CM-685-2026-HRC-UL-ADQ,Vigente,Bien,GOBIERNO REGIONAL DE CUSCO - HOSPITAL REGIONAL CUSCO,,CUSCO,,,2026-07-30T10:49:54-05:00,2026-08-03T10:00:00-05:00,Vencido,,,ADQUISICION DE MAGNESIO SULFATO 200 MG/ML INY 10 ML - SERVICIO DE FARMACIA (Exp. 16138),https://prod6.seace.gob.pe/buscador-publico/contrataciones/83448,,,2026-08-04T15:56:30-05:00,03/08/2026 10:00:00
83386,CM-681-2026-HRC-UL-ADQ,Vigente,Bien,GOBIERNO REGIONAL DE CUSCO - HOSPITAL REGIONAL CUSCO,,CUSCO,,,2026-07-30T09:46:45-05:00,2026-08-03T09:00:00-05:00,Vencido,,,ADQUISICION DE ANAQUELES O ESTANTES METALICOS (EXP. 11833),https://prod6.seace.gob.pe/buscador-publico/contrataciones/83386,,,2026-08-04T15:56:30-05:00,03/08/2026 09:00:00
83374,CM-673-2026-HRC-UL-ADQ,Vigente,Bien,GOBIERNO REGIONAL DE CUSCO - HOSPITAL REGIONAL CUSCO,,CUSCO,,,2026-07-30T09:23:43-05:00,2026-08-03T10:00:00-05:00,Vencido,,,ADQUISICION DE FOLINATO CALCICO EQUIV 50 MG ACIDO FOLINICO INY - SERVICIO DE FARMACIA (Exp. 16138),https://prod6.seace.gob.pe/buscador-publico/contrataciones/83374,,,2026-08-04T15:56:30-05:00,03/08/2026 10:00:00
83354,CM-680-2026-HRC-UL-ADQ,Vigente,Bien,GOBIERNO REGIONAL DE CUSCO - HOSPITAL REGIONAL CUSCO,,CUSCO,CUSCO,CUSCO,2026-07-30T09:19:59-05:00,2026-08-07T09:00:00-05:00,"1 d, 15 h restantes",,,ADQUISICION DE PETROLEO DIESEL B5-S-50 PARA LA OPERATIVIDAD DE LAS UNIDADES DE AMBULANCIA DEL HRC (EXP. 12472),https://prod6.seace.gob.pe/buscador-publico/contrataciones/83354,,,2026-08-05T17:19:50-05:00,07/08/2026 09:00:00
83345,CM-667-2026-HRC-UL-ADQ,Vigente,Bien,GOBIERNO REGIONAL DE CUSCO - HOSPITAL REGIONAL CUSCO,,CUSCO,,,2026-07-30T08:33:27-05:00,2026-08-03T10:00:00-05:00,Vencido,,,ADQUISICION DE FENILEFRINA (SOLUCION OFTALMICA) 25 MG/ML15 ML - SERVICIO DE FARMACIA (Exp. 16138),https://prod6.seace.gob.pe/buscador-publico/contrataciones/83345,,,2026-08-04T15:56:30-05:00,03/08/2026 10:00:00
83254,CM-661-2026-HRC-UL-ADQ,Vigente,Bien,GOBIERNO REGIONAL DE CUSCO - HOSPITAL REGIONAL CUSCO,,CUSCO,,,2026-07-27T14:00:18-05:00,2026-07-31T10:00:00-05:00,Vencido,,,"ADQUISICION DE DEXTROSA 5G/100ML (5%) INY X 100ML, DEXTROSA 5 G/100 ML (5 %) INY 500 ML -  SERVICIO DE FARMACIA (Exp. 16138)",https://prod6.seace.gob.pe/buscador-publico/contrataciones/83254,,,2026-08-04T15:56:30-05:00,31/07/2026 10:00:00
83253,CM-660-2026-HRC-UL-ADQ,Vigente,Bien,GOBIERNO REGIONAL DE CUSCO - HOSPITAL REGIONAL CUSCO,,CUSCO,,,2026-07-27T13:48:59-05:00,2026-07-31T10:00:00-05:00,Vencido,,,ADQUISICION DE DEXTROSA 10G/100ML(10 %) - 1L-  SERVICIO DE FARMACIA (Exp. 16138),https://prod6.seace.gob.pe/buscador-publico/contrataciones/83253,,,2026-08-04T15:56:30-05:00,31/07/2026 10:00:00
83100,CM-647-2026-HRC-UL-ADQ,Vigente,Bien,GOBIERNO REGIONAL DE CUSCO - HOSPITAL REGIONAL CUSCO,,CUSCO,CUSCO,CUSCO,2026-07-24T19:08:53-05:00,2026-08-13T09:00:00-05:00,"2 d, 21 h restantes",,,ADQUISICION DE REPUESTOS CONSUMIBLES PARA EQUIPOS DE ANESTESIA DE SERVICIO DE CENTRO QUIRURGICO (EXP. 14130),https://prod6.seace.gob.pe/buscador-publico/contrataciones/83100,https://prod6.seace.gob.pe/v1/s8uit-services/archivo/archivos-publico/descargar-archivo-contrato/327529,1,2026-08-10T11:09:40-05:00,13/08/2026 09:00:00
83067,CM-642-2026-HRC-UL-ADQ,Vigente,Servicio,GOBIERNO REGIONAL DE CUSCO - HOSPITAL REGIONAL CUSCO,,CUSCO,,,2026-07-24T18:50:15-05:00,2026-07-27T09:00:00-05:00,Vencido,,,CONTRATACION DEL SERVICIO DE MEDICO ESPECIALISTA EN DERMATOLOGIA (EXP. 14786),https://prod6.seace.gob.pe/buscador-publico/contrataciones/83067,,,2026-08-04T15:56:30-05:00,27/07/2026 09:00:00
82924,CM-637-2026-HRC-UL-ADQ,Vigente,Bien,GOBIERNO REGIONAL DE CUSCO - HOSPITAL REGIONAL CUSCO,,CUSCO,CUSCO,CUSCO,2026-07-24T16:02:31-05:00,2026-08-10T12:00:00-05:00,"4 d, 20 h restantes",,,ADQUISICION DE MATERIAL DE OSTEOSINTESIS PARA CONDROMALACIA BILATERAL - SERVICIO DE ORTOPEDIA Y TRAUMATOLOGIA (Exp. 16564),https://prod6.seace.gob.pe/buscador-publico/contrataciones/82924,,,2026-08-05T15:38:53-05:00,10/08/2026 12:00:00
82372,CM-630-2026-HRC-UL-ADQ,Vigente,Bien,GOBIERNO REGIONAL DE CUSCO - HOSPITAL REGIONAL CUSCO,,CUSCO,,,2026-07-22T16:21:33-05:00,2026-07-24T10:00:00-05:00,Vencido,,,"ADQUISICION DE MATERIAL PARA HIDROCEFALIA (SISTEMA DE DERIVACION VENTRICULO PERITONEAL) - SERVICIO DE NEUROCIRUGIA (Exp, 16360)",https://prod6.seace.gob.pe/buscador-publico/contrataciones/82372,,,2026-08-04T15:56:30-05:00,24/07/2026 10:00:00
81897,CM-619-2026-HRC-UL-ADQ,Vigente,Bien,GOBIERNO REGIONAL DE CUSCO - HOSPITAL REGIONAL CUSCO,,CUSCO,,,2026-07-21T17:00:29-05:00,2026-07-24T08:00:00-05:00,Vencido,,,ADQUISICION DE ESTABILIZADORES DE VOLTAJE (EXP. 14606),https://prod6.seace.gob.pe/buscador-publico/contrataciones/81897,,,2026-08-04T15:56:30-05:00,24/07/2026 08:00:00
81470,CM-613-2026-HRC-UL-ADQ,Vigente,Bien,GOBIERNO REGIONAL DE CUSCO - HOSPITAL REGIONAL CUSCO,,CUSCO,CUSCO,CUSCO,2026-07-20T16:26:44-05:00,2026-08-10T12:00:00-05:00,"4 d, 20 h restantes",,,ADQUISICION DE MATERIAL DE OSTEOSINTESIS PARA LUXACION DE HOMBRO IZQUIERDO - SERVICIO DE ORTOPEDIA Y TRAUMATOLOGIA,https://prod6.seace.gob.pe/buscador-publico/contrataciones/81470,,,2026-08-05T15:38:53-05:00,10/08/2026 12:00:00
81318,CM-604-2026-HRC-UL-ADQ,Vigente,Bien,GOBIERNO REGIONAL DE CUSCO - HOSPITAL REGIONAL CUSCO,,CUSCO,,,2026-07-20T11:35:03-05:00,2026-07-21T14:00:00-05:00,Vencido,,,"ADQUISICION DE CONECTOR RECTO 1/4 CON LUER MACHO, LINEA PARA BOMBA DE INFUSION CON FILTRO, PUNZON DE TRANSFERENCIA PARA LIQUIDOS ESTERILES, PUNZON PERFORADOR PARA CONEXION A FRASCO - SERVICIO DE FARMACIA (Exp. 13804)",https://prod6.seace.gob.pe/buscador-publico/contrataciones/81318,,,2026-08-04T15:56:30-05:00,21/07/2026 14:00:00
81071,CM-811-2026-HRGDV-A,Vigente,Bien,GOBIERNO REGIONAL DE APURIMAC - HOSPITAL GUILLERMO DIAZ DE LA VEGA ABANCAY,,APURIMAC,ABANCAY,ABANCAY,2026-07-17T16:51:13-05:00,2026-07-31T16:00:00-05:00,Vencido,,,"REQUERIMIENTO DE PRODUCTOS FARMACEUTICOS ( FENTANILO 50 mcg/h PARCHE TRANSDERMINO) PARA EL SERVICIO DE ONCOLOGIA, DEPARTAMENTO DE FARMACIA DEL HRGDVA.",https://prod6.seace.gob.pe/buscador-publico/contrataciones/81071,,,2026-08-04T17:22:55-05:00,31/07/2026 16:00:00
80918,CM-588-2026-HRC-UL-ADQ,Vigente,Bien,GOBIERNO REGIONAL DE CUSCO - HOSPITAL REGIONAL CUSCO,,CUSCO,,,2026-07-17T12:08:00-05:00,2026-08-03T10:00:00-05:00,Vencido,,,ADQUISICION DE EQUIPO DE ASPIRACIÓN PORTÁTIL DESCARTABLE N 18 - SERVICIO DE CIRUGIA ONCOLOGICA (Exp. 11719),https://prod6.seace.gob.pe/buscador-publico/contrataciones/80918,,,2026-08-04T15:56:30-05:00,03/08/2026 10:00:00
80862,CM-584-2026-HRC-UL-ADQ,Vigente,Bien,GOBIERNO REGIONAL DE CUSCO - HOSPITAL REGIONAL CUSCO,,CUSCO,,,2026-07-17T10:36:44-05:00,2026-08-03T10:00:00-05:00,Vencido,,,ADQUISICION DE APOSITO DE ESPUMA (POLIURETANO) CON PLATA IONICA 1.2% CON HIDROFIBRA (CARBOXIMETILCELULOSA) - Exp. 11719,https://prod6.seace.gob.pe/buscador-publico/contrataciones/80862,,,2026-08-04T15:56:30-05:00,03/08/2026 10:00:00
80703,CM-800-2026-HRGDV-A,Vigente,Bien,GOBIERNO REGIONAL DE APURIMAC - HOSPITAL GUILLERMO DIAZ DE LA VEGA ABANCAY,,APURIMAC,ABANCAY,ABANCAY,2026-07-16T16:30:01-05:00,2026-07-31T16:00:00-05:00,Vencido,,,REQUERIMIENTO DE PRODUCTOS FARMACEUTICOS ( OXICODONA 10 MM TAB) PARA EL SERVICIO DE ONCOLOGIA DEPARTAMENTO DE FARMACIA DEL HRGDVA.,https://prod6.seace.gob.pe/buscador-publico/contrataciones/80703,,,2026-08-04T17:22:55-05:00,31/07/2026 16:00:00
80655,CM-799-2026-HRGDV-A,Vigente,Bien,GOBIERNO REGIONAL DE APURIMAC - HOSPITAL GUILLERMO DIAZ DE LA VEGA ABANCAY,,APURIMAC,ABANCAY,ABANCAY,2026-07-16T16:13:32-05:00,2026-08-17T12:00:00-05:00,"3 d, 18 h restantes",,,REQUERIMIENTO DE LIBROS MATERIALES Y JUEGOS PSICOTERAPEUTICAS PARA EL DEPARTAMENTO DE SALUD MENTAL  DEL HRGDVA.,https://prod6.seace.gob.pe/buscador-publico/contrataciones/80655,https://prod6.seace.gob.pe/v1/s8uit-services/archivo/archivos-publico/descargar-archivo-contrato/317171,1,2026-08-13T17:01:05-05:00,17/08/2026 12:00:00
80273,CM-567-2026-HRC-UL-ADQ,Vigente,Servicio,GOBIERNO REGIONAL DE CUSCO - HOSPITAL REGIONAL CUSCO,,CUSCO,,,2026-07-15T16:28:28-05:00,2026-07-24T11:00:00-05:00,Vencido,,,CONTRATACION DEL SERVICIO DE PERSONAL PARA LIMPIEZA Y DESINFECCION DE AMBIENTE (EXP. 13877),https://prod6.seace.gob.pe/buscador-publico/contrataciones/80273,,,2026-08-04T15:56:30-05:00,24/07/2026 11:00:00
79918,CM-646-2026-UEGPS-PTRT3/SERVICIOS,Vigente,Servicio,UNIDAD EJECUTORA 001631: GESTIÓN DE PROYECTOS SECTORIALES,,CUSCO,,,2026-07-14T17:25:40-05:00,2026-07-24T10:00:00-05:00,Vencido,,,"SERVICIO DE INTERNET PARA LA REGIÓN DE CUSCO, EN EL MARCO DE LA EJECUCIÓN DEL PROYECTO ""CATASTRO, TITULACIÓN Y REGISTRO DE TIERRAS RURALES EN EL PERÚ, TERCER ETAPA - PTRT3 GTS"".",https://prod6.seace.gob.pe/buscador-publico/contrataciones/79918,,,2026-08-04T15:56:30-05:00,24/07/2026 10:00:00
79658,CM-548-2026-HRC-UL-ADQ,Vigente,Bien,GOBIERNO REGIONAL DE CUSCO - HOSPITAL REGIONAL CUSCO,,CUSCO,,,2026-07-14T10:39:23-05:00,2026-07-16T10:00:00-05:00,Vencido,,,ADQUISICION DE QUIMICOS PARA LA DETERMINACION DE DUREZA DEL AGUA DE LOS CALDEROS (EXP. 13071),https://prod6.seace.gob.pe/buscador-publico/contrataciones/79658,,,2026-08-04T15:56:30-05:00,16/07/2026 10:00:00
79630,CM-547-2026-HRC-UL-ADQ,Vigente,Bien,GOBIERNO REGIONAL DE CUSCO - HOSPITAL REGIONAL CUSCO,,CUSCO,,,2026-07-14T10:31:35-05:00,2026-07-16T10:30:00-05:00,Vencido,,,ADQUISICION DE MATERIALES PARA MANTENIMIENTO DE INFRAESTRUCTURA DEL SERVICIO DE NUTRICION (EXP. 10139),https://prod6.seace.gob.pe/buscador-publico/contrataciones/79630,,,2026-08-04T15:56:30-05:00,16/07/2026 10:30:00
79467,CM-1-2026-MDO,Vigente,Servicio,MUNICIPALIDAD DISTRITAL DE OLLANTAYTAMBO,,CUSCO,,,2026-07-13T17:26:35-05:00,2026-07-16T15:00:00-05:00,Vencido,,,SERVICIO PARA TERAPIA DE REHABILITACION,https://prod6.seace.gob.pe/buscador-publico/contrataciones/79467,,,2026-08-04T15:56:30-05:00,16/07/2026 15:00:00
79259,CM-543-2026-HRC-UL-ADQ,Vigente,Bien,GOBIERNO REGIONAL DE CUSCO - HOSPITAL REGIONAL CUSCO,,CUSCO,,,2026-07-13T11:11:05-05:00,2026-07-14T08:00:00-05:00,Vencido,,,ADQUISICION DE TAMBOR KONICA MINOLTA (EXP. 15015),https://prod6.seace.gob.pe/buscador-publico/contrataciones/79259,,,2026-08-04T15:56:30-05:00,14/07/2026 08:00:00
78477,CM-524-2026-HRC-UL-ADQ,Vigente,Bien,GOBIERNO REGIONAL DE CUSCO - HOSPITAL REGIONAL CUSCO,,CUSCO,,,2026-07-09T11:37:10-05:00,2026-07-23T12:00:00-05:00,Vencido,,,ADQUISICION DE MATERIAL PARA NEUROCIRUGIA (SUSTITUTO CRANEAL) - EXP. 15182,https://prod6.seace.gob.pe/buscador-publico/contrataciones/78477,,,2026-08-04T15:56:30-05:00,23/07/2026 12:00:00
78449,CM-520-2026-HRC-UL-ADQ,Vigente,Bien,GOBIERNO REGIONAL DE CUSCO - HOSPITAL REGIONAL CUSCO,,CUSCO,,,2026-07-09T11:15:50-05:00,2026-07-13T10:00:00-05:00,Vencido,,,ADQUISICION DE FLUJOMETROS PARA OXIGENO MEDICINAL CON CONEXION CGA 870 (EXP. 14599),https://prod6.seace.gob.pe/buscador-publico/contrataciones/78449,,,2026-08-04T15:56:30-05:00,13/07/2026 10:00:00
78416,CM-522-2026-HRC-UL-ADQ,Vigente,Bien,GOBIERNO REGIONAL DE CUSCO - HOSPITAL REGIONAL CUSCO,,CUSCO,,,2026-07-09T10:56:21-05:00,2026-07-22T12:00:00-05:00,Vencido,,,ADQUISICION DE MATERIAL PARA CARDIOLOGIA PARA PACIENTE PORTADOR DE MARCAPASO BICAMERAL METRONIC DISFUNCIONANTE CIE-10: Z95.0 - (Exp. 15195),https://prod6.seace.gob.pe/buscador-publico/contrataciones/78416,,,2026-08-04T15:56:30-05:00,22/07/2026 12:00:00
78177,CM-509-2026-HRC-UL-ADQ,Vigente,Bien,GOBIERNO REGIONAL DE CUSCO - HOSPITAL REGIONAL CUSCO,,CUSCO,,,2026-07-08T16:05:40-05:00,2026-07-13T10:00:00-05:00,Vencido,,,ADQUISICION DE UN EQUIPO PULSOXIMETRO PORTATIL (EXP. 12085),https://prod6.seace.gob.pe/buscador-publico/contrataciones/78177,,,2026-08-04T15:56:30-05:00,13/07/2026 10:00:00
78088,CM-505-2026-HRC-UL-ADQ,Vigente,Bien,GOBIERNO REGIONAL DE CUSCO - HOSPITAL REGIONAL CUSCO,,CUSCO,,,2026-07-08T14:09:36-05:00,2026-07-13T09:00:00-05:00,Vencido,,,ADQUISICION DE TENSIOMETRO DIGITAL PORTATIL (EXP. 12085),https://prod6.seace.gob.pe/buscador-publico/contrataciones/78088,,,2026-08-04T15:56:30-05:00,13/07/2026 09:00:00
78085,CM-504-2026-HRC-UL-ADQ,Vigente,Bien,GOBIERNO REGIONAL DE CUSCO - HOSPITAL REGIONAL CUSCO,,CUSCO,,,2026-07-08T14:04:45-05:00,2026-07-13T10:00:00-05:00,Vencido,,,AQUISICION DE UN MONITOR PORTATIL FUNCIONES VITALES (EXP. 12085),https://prod6.seace.gob.pe/buscador-publico/contrataciones/78085,,,2026-08-04T15:56:30-05:00,13/07/2026 10:00:00
78104,CM-503-2026-HRC-UL-ADQ,Vigente,Bien,GOBIERNO REGIONAL DE CUSCO - HOSPITAL REGIONAL CUSCO,,CUSCO,,,2026-07-08T13:53:26-05:00,2026-07-13T09:00:00-05:00,Vencido,,,ADQUISICION DE MANOMETRO PARA BALON DE OXIGENO PORTATIL (EXP. 12085),https://prod6.seace.gob.pe/buscador-publico/contrataciones/78104,,,2026-08-04T15:56:30-05:00,13/07/2026 09:00:00
78079,CM-502-2026-HRC-UL-ADQ,Vigente,Bien,GOBIERNO REGIONAL DE CUSCO - HOSPITAL REGIONAL CUSCO,,CUSCO,,,2026-07-08T13:07:13-05:00,2026-07-10T11:00:00-05:00,Vencido,,,ADQUISICION DE MATERIALES PARA TUBERIA DE AGUA CALIENTE (EXP. 5164),https://prod6.seace.gob.pe/buscador-publico/contrataciones/78079,,,2026-08-04T15:56:30-05:00,10/07/2026 11:00:00
78045,CM-500-2026-HRC-UL-ADQ,Vigente,Servicio,GOBIERNO REGIONAL DE CUSCO - HOSPITAL REGIONAL CUSCO,,CUSCO,,,2026-07-08T12:23:00-05:00,2026-07-14T09:00:00-05:00,Vencido,,,CONTRATACION DEL SERVICIO DE REPARACION DE FIBROBRONCOSCOPIO (EXP. 10597),https://prod6.seace.gob.pe/buscador-publico/contrataciones/78045,,,2026-08-04T15:56:30-05:00,14/07/2026 09:00:00
77999,CM-495-2026-HRC-UL-ADQ,Vigente,Servicio,GOBIERNO REGIONAL DE CUSCO - HOSPITAL REGIONAL CUSCO,,CUSCO,,,2026-07-08T10:42:10-05:00,2026-07-17T09:00:00-05:00,Vencido,,,CONTRATACION DE SERVICIO DE MANTENIMIENTO DE CENTRAL TELEFONICA IP (EXP. 3024),https://prod6.seace.gob.pe/buscador-publico/contrataciones/77999,,,2026-08-04T15:56:30-05:00,17/07/2026 09:00:00
77961,CM-491-2026-HRC-UL-ADQ,Vigente,Bien,GOBIERNO REGIONAL DE CUSCO - HOSPITAL REGIONAL CUSCO,,CUSCO,,,2026-07-08T09:54:47-05:00,2026-08-04T12:00:00-05:00,Vencido,,,ADQUISICION DE LEFLUNOMIDA 20 MG TAB - SERVICIO DE FARMACIA (Exp. 12601),https://prod6.seace.gob.pe/buscador-publico/contrataciones/77961,,,2026-08-04T15:56:30-05:00,04/08/2026 12:00:00
77319,CM-460-2026-HRC-UL-ADQ,Vigente,Bien,GOBIERNO REGIONAL DE CUSCO - HOSPITAL REGIONAL CUSCO,,CUSCO,,,2026-07-06T15:21:42-05:00,2026-08-04T12:00:00-05:00,Vencido,,,ADQUISICION DE BROMUR DE VECURONIO 4MG X 1 ML - SERVICIO DE FARMACIA (Exp. 12601),https://prod6.seace.gob.pe/buscador-publico/contrataciones/77319,,,2026-08-04T15:56:30-05:00,04/08/2026 12:00:00
77296,CM-457-2026-HRC-UL-ADQ,Vigente,Bien,GOBIERNO REGIONAL DE CUSCO - HOSPITAL REGIONAL CUSCO,,CUSCO,,,2026-07-06T14:59:43-05:00,2026-08-04T10:00:00-05:00,Vencido,,,ADQUISICION DE RIFAXIMINA 200 MG TAB - SERVICIO DE FARMACIA (Exp. 12601),https://prod6.seace.gob.pe/buscador-publico/contrataciones/77296,,,2026-08-04T15:56:30-05:00,04/08/2026 10:00:00
77261,CM-454-2026-HRC-UL-ADQ,Vigente,Bien,GOBIERNO REGIONAL DE CUSCO - HOSPITAL REGIONAL CUSCO,,CUSCO,,,2026-07-06T14:15:22-05:00,2026-08-04T12:00:00-05:00,Vencido,,,ADQUISICION DE INSULINA ASPARTATO 100 UI/ML INY 3ML - SERVICIO DE FARMACIA (Exp. 12601),https://prod6.seace.gob.pe/buscador-publico/contrataciones/77261,,,2026-08-04T15:56:30-05:00,04/08/2026 12:00:00
76976,CM-443-2026-HRC-UL-ADQ,Vigente,Bien,GOBIERNO REGIONAL DE CUSCO - HOSPITAL REGIONAL CUSCO,,CUSCO,,,2026-07-03T16:20:10-05:00,2026-07-13T10:00:00-05:00,Vencido,,,ADQUISICION DE PAÑOS DE LIMPIEZA PARA EL SERVICIO DE HEMODIALISIS (EXP. 13658),https://prod6.seace.gob.pe/buscador-publico/contrataciones/76976,,,2026-08-04T15:56:30-05:00,13/07/2026 10:00:00
76936,CM-442-2026-HRC-UL-ADQ,Vigente,Servicio,GOBIERNO REGIONAL DE CUSCO - HOSPITAL REGIONAL CUSCO,,CUSCO,CUSCO,CUSCO,2026-07-03T16:11:53-05:00,2026-08-21T12:00:00-05:00,15 h restantes,,,CONTRATACION DE SERVICIO DE FORMATOS DE RECETA MEDICA AUTOCOPIABLE PARA EL PROGRAMA DE PREVENCIO Y CONTROL DE CANCER (EXP. 7661),https://prod6.seace.gob.pe/buscador-publico/contrataciones/76936,https://prod6.seace.gob.pe/v1/s8uit-services/archivo/archivos-publico/descargar-archivo-contrato/301793,1,2026-08-20T20:55:56-05:00,21/08/2026 12:00:00
76891,CM-437-2026-HRC-UL-ADQ,Vigente,Bien,GOBIERNO REGIONAL DE CUSCO - HOSPITAL REGIONAL CUSCO,,CUSCO,,,2026-07-03T14:41:13-05:00,2026-07-06T09:00:00-05:00,Vencido,,,ADQUISICION DE FLUJOMETROS PARA OXIGENO MEDICINAL (EXP. 8017),https://prod6.seace.gob.pe/buscador-publico/contrataciones/76891,,,2026-08-04T15:56:30-05:00,06/07/2026 09:00:00
76845,CM-435-2026-HRC-UL-ADQ,Vigente,Bien,GOBIERNO REGIONAL DE CUSCO - HOSPITAL REGIONAL CUSCO,,CUSCO,,,2026-07-03T12:35:22-05:00,2026-07-06T09:00:00-05:00,Vencido,,,ADQUISICION DE EPPS PARA PERSONAL QUE ELABORA QUIMIOTERAPIAS EN LA UNIDAD DE MEZCLAS ONCOLOGICAS DEL HRC (EXP. 13794),https://prod6.seace.gob.pe/buscador-publico/contrataciones/76845,,,2026-08-04T15:56:30-05:00,06/07/2026 09:00:00
76580,CM-742-2026-HRGDV-A,Vigente,Bien,GOBIERNO REGIONAL DE APURIMAC - HOSPITAL GUILLERMO DIAZ DE LA VEGA ABANCAY,,APURIMAC,ABANCAY,ABANCAY,2026-07-02T15:44:53-05:00,2026-07-10T10:00:00-05:00,Vencido,,,REQUERIMIENTO DE INSUMOS MEDICOS MATERIALES DE OSTEOSINTESIS ( PROTESIS DE CADERA CEMENTADA DE REVISION)PARA EL SERVICIO DE TRAUMATOLOGIA  DEL HRGDVA,https://prod6.seace.gob.pe/buscador-publico/contrataciones/76580,,,2026-08-04T17:22:55-05:00,10/07/2026 10:00:00
75397,CM-409-2026-HRC-UL-ADQ,Vigente,Bien,GOBIERNO REGIONAL DE CUSCO - HOSPITAL REGIONAL CUSCO,,CUSCO,,,2026-06-26T17:01:04-05:00,2026-08-04T12:00:00-05:00,Vencido,,,ADQUISCION DE  TRIPTORELINA 3.75MG -INY - SERVICIO DE FARMACIA (Exp. 12601),https://prod6.seace.gob.pe/buscador-publico/contrataciones/75397,,,2026-08-04T15:56:30-05:00,04/08/2026 12:00:00
74891,CM-390-2026-HRC-UL-ADQ,Vigente,Bien,GOBIERNO REGIONAL DE CUSCO - HOSPITAL REGIONAL CUSCO,,CUSCO,,,2026-06-25T12:14:26-05:00,2026-08-04T12:00:00-05:00,Vencido,,,ADQUISICION DE CARBOPLATINO Y FLUOROURACILO - SERVICIO DE FARMACIA (Exp. 12601),https://prod6.seace.gob.pe/buscador-publico/contrataciones/74891,,,2026-08-04T15:56:30-05:00,04/08/2026 12:00:00
74855,CM-389-2026-HRC-UL-ADQ,Vigente,Bien,GOBIERNO REGIONAL DE CUSCO - HOSPITAL REGIONAL CUSCO,,CUSCO,,,2026-06-25T11:41:51-05:00,2026-08-04T12:00:00-05:00,Vencido,,,ADQUISICION DE MEDICAMENTO FOLINATO CALCICO Y GEMCITABINA - SERVICIO DE FARMACIA (Exp. 12601),https://prod6.seace.gob.pe/buscador-publico/contrataciones/74855,,,2026-08-04T15:56:30-05:00,04/08/2026 12:00:00
74509,CM-3036-2026-INIA,Vigente,Servicio,INSTITUTO NACIONAL DE INNOVACION AGRARIA - INIA,,APURIMAC,ANDAHUAYLAS,TALAVERA,2026-06-24T12:19:53-05:00,2026-06-26T12:00:00-05:00,Vencido,,,P.S. 3036 SERVICIO DE MANTENIMIENTO CORRECTIVO DE UNA CAMIONETA PICK UP MARCA VOLKSWAGEN MODELO AMAROCK DE PLACA EGX- 701 PARA ACTIVIDADES DE TRANSFERENCIA DE LA EEA CHUMBIBAMBA.,https://prod6.seace.gob.pe/buscador-publico/contrataciones/74509,,,2026-08-04T17:22:55-05:00,26/06/2026 12:00:00
73823,CM-380-2026-HRC-UL-ADQ,Vigente,Bien,GOBIERNO REGIONAL DE CUSCO - HOSPITAL REGIONAL CUSCO,,CUSCO,,,2026-06-22T12:09:50-05:00,2026-07-03T10:00:00-05:00,Vencido,,,ADQUISICION DE REACTIVOS PARA PROCESAMIENTO DE PRUEBAS DE INMUNOLOGIA - SERVICIO DE PATOLOGIA CLINICA (Exp. 10714),https://prod6.seace.gob.pe/buscador-publico/contrataciones/73823,,,2026-08-04T15:56:30-05:00,03/07/2026 10:00:00
73667,CM-376-2026-HRC-UL-ADQ,Vigente,Bien,GOBIERNO REGIONAL DE CUSCO - HOSPITAL REGIONAL CUSCO,,CUSCO,,,2026-06-20T12:22:42-05:00,2026-08-04T12:00:00-05:00,Vencido,,,ADQUISICION DE MEDICAMENTO TEMOZOLOMIDA - SERVICIO DE FARMACIA (Exp. 12601),https://prod6.seace.gob.pe/buscador-publico/contrataciones/73667,,,2026-08-04T15:56:30-05:00,04/08/2026 12:00:00
72788,CM-690-2026-HRGDV-A,Vigente,Bien,GOBIERNO REGIONAL DE APURIMAC - HOSPITAL GUILLERMO DIAZ DE LA VEGA ABANCAY,,APURIMAC,ABANCAY,ABANCAY,2026-06-17T09:04:47-05:00,2026-07-08T10:00:00-05:00,Vencido,,,REQUERIMIENTO DE PRODUCTOS FARMACEUTICOS PARA EL DEPARTAMENTO DE FARMACIA DEL HRGDVA.,https://prod6.seace.gob.pe/buscador-publico/contrataciones/72788,,,2026-08-04T17:22:55-05:00,08/07/2026 10:00:00
72764,CM-687-2026-HRGDV-A,Vigente,Bien,GOBIERNO REGIONAL DE APURIMAC - HOSPITAL GUILLERMO DIAZ DE LA VEGA ABANCAY,,APURIMAC,ABANCAY,ABANCAY,2026-06-16T18:17:21-05:00,2026-07-08T10:00:00-05:00,Vencido,,,REQUERIMIENTO DE PRODUCTOS FARMACEUTICOS PARA EL DEPARTAMENTO DE FARMACIA DEL HRGDVA.,https://prod6.seace.gob.pe/buscador-publico/contrataciones/72764,,,2026-08-04T17:22:55-05:00,08/07/2026 10:00:00
72485,CM-354-2026-HRC-UL-ADQ,Vigente,Bien,GOBIERNO REGIONAL DE CUSCO - HOSPITAL REGIONAL CUSCO,,CUSCO,,,2026-06-16T10:32:24-05:00,2026-07-21T10:00:00-05:00,Vencido,,,ADQUSICION DE MATERIAL QUIRURGICO PARA CANCER DE PIEL - SERVICIO DE DERMATOLOGIA - (Exp. 4450),https://prod6.seace.gob.pe/buscador-publico/contrataciones/72485,,,2026-08-04T15:56:30-05:00,21/07/2026 10:00:00
72117,CM-349-2026-HRC-UL-ADQ,Vigente,Bien,GOBIERNO REGIONAL DE CUSCO - HOSPITAL REGIONAL CUSCO,,CUSCO,,,2026-06-15T09:56:34-05:00,2026-08-04T12:00:00-05:00,Vencido,,,ADQUISICION DE INSULINA DETEMIR 100 UI/ ML INY 3 ML PARA EL SERVICIO DE FARMACIA (Exp. 12601),https://prod6.seace.gob.pe/buscador-publico/contrataciones/72117,,,2026-08-04T15:56:30-05:00,04/08/2026 12:00:00
72102,CM-346-2026-HRC-UL-ADQ,Vigente,Bien,GOBIERNO REGIONAL DE CUSCO - HOSPITAL REGIONAL CUSCO,,CUSCO,,,2026-06-15T09:12:29-05:00,2026-08-04T12:00:00-05:00,Vencido,,,ADQUISICION DE MEDICAMENTOS (PRAZICUANTEL 150 MG TAB - HALOPERIDOL 5 MG/ML INY 1 ML) PARA EL SERVICIO DE FARMACIA- Exp. 12601,https://prod6.seace.gob.pe/buscador-publico/contrataciones/72102,,,2026-08-04T15:56:30-05:00,04/08/2026 12:00:00
71221,CM-326-2026-HRC-UL-ADQ,Vigente,Bien,GOBIERNO REGIONAL DE CUSCO - HOSPITAL REGIONAL CUSCO,,CUSCO,,,2026-06-10T17:48:17-05:00,2026-07-24T12:00:00-05:00,Vencido,,,ADQUISICION DE MATERIAL PARA PARA DEFECTO CRANEAL POST CRANEOTOMIA DESCOMPRESIVA- SERVICIO DE NEUROCIRUGIA (Exp. 12872),https://prod6.seace.gob.pe/buscador-publico/contrataciones/71221,,,2026-08-04T15:56:30-05:00,24/07/2026 12:00:00
70824,CM-308-2026-HRC-UL-ADQ,Vigente,Bien,GOBIERNO REGIONAL DE CUSCO - HOSPITAL REGIONAL CUSCO,,CUSCO,CUSCO,CUSCO,2026-06-09T17:50:20-05:00,2026-08-10T12:00:00-05:00,"4 d, 20 h restantes",,,ADQUISICION DE MATERIAL DE OSTEOSINTESIS PARA COXARTROSIS IZQUIERDO - SERVICIO DE ORTOPEDIA Y TRAUMATOLOGIA (Exp. 586),https://prod6.seace.gob.pe/buscador-publico/contrataciones/70824,,,2026-08-05T15:38:53-05:00,10/08/2026 12:00:00
69955,CM-617-2026-HRGDV-A,Vigente,Bien,GOBIERNO REGIONAL DE APURIMAC - HOSPITAL GUILLERMO DIAZ DE LA VEGA ABANCAY,,APURIMAC,ABANCAY,ABANCAY,2026-06-05T08:37:19-05:00,2026-06-19T16:00:00-05:00,Vencido,,,REQUERIMIENTO DE RECATIVOS DE INMONOHEMATOLOGIA PARA EL SERVICIO DE BANCO DE SANGRE DEL HRGDVA.,https://prod6.seace.gob.pe/buscador-publico/contrataciones/69955,https://prod6.seace.gob.pe/v1/s8uit-services/archivo/archivos-publico/descargar-archivo-contrato/273801,1,2026-08-04T17:22:55-05:00,19/06/2026 16:00:00
69392,CM-283-2026-HRC-UL-ADQ,Vigente,Bien,GOBIERNO REGIONAL DE CUSCO - HOSPITAL REGIONAL CUSCO,,CUSCO,CUSCO,CUSCO,2026-06-03T14:02:09-05:00,2026-08-10T11:00:00-05:00,"2 d, 22 h restantes",,,ADQUISICION DE MATERIAL DE OSTEOSINTESIS PARA AFLOJAMIENTO DE PROTESIS CADERA IZQUIERDO (Exp. 12405),https://prod6.seace.gob.pe/buscador-publico/contrataciones/69392,,,2026-08-07T12:05:47-05:00,10/08/2026 11:00:00
68477,CM-2-2026-SUNARP/ZRXIV/UA/ABA,Vigente,Servicio,ZONA REGISTRAL NRO XIV SEDE AYACUCHO,,CUSCO,,,2026-05-29T17:16:28-05:00,2026-06-02T23:59:00-05:00,Vencido,,,"Servicio de desinstalación, instalación y configuración de gabinete inteligente por la reubicación de la Oficina Registral de Huanta de la Zona Registral N° XIV",https://prod6.seace.gob.pe/buscador-publico/contrataciones/68477,https://prod6.seace.gob.pe/v1/s8uit-services/archivo/archivos-publico/descargar-archivo-contrato/268294,1,2026-08-04T15:56:30-05:00,02/06/2026 23:59:00
67572,CM-571-2026-HRGDV-A,Vigente,Bien,GOBIERNO REGIONAL DE APURIMAC - HOSPITAL GUILLERMO DIAZ DE LA VEGA ABANCAY,,APURIMAC,ABANCAY,ABANCAY,2026-05-26T17:37:54-05:00,2026-07-08T10:00:00-05:00,Vencido,,,REQUERIMEINTO DE PRODUCTOS FARMACEUTICOS PARA EL DEPARTAMENTO DE FARMACIA DEL HRGDV-A.,https://prod6.seace.gob.pe/buscador-publico/contrataciones/67572,,,2026-08-04T17:22:55-05:00,08/07/2026 10:00:00
67524,CM-268-2026-HRC-UL-ADQ,Vigente,Bien,GOBIERNO REGIONAL DE CUSCO - HOSPITAL REGIONAL CUSCO,,CUSCO,,,2026-05-26T16:13:00-05:00,2026-08-03T08:00:00-05:00,Vencido,,,ADQUISICION DE CALCITRIOL 1UG/ML PARA PACIENTE RENAL CRONICO (Exp. 11465),https://prod6.seace.gob.pe/buscador-publico/contrataciones/67524,,,2026-08-04T15:56:30-05:00,03/08/2026 08:00:00
67357,CM-558-2026-HRGDV-A,Vigente,Bien,GOBIERNO REGIONAL DE APURIMAC - HOSPITAL GUILLERMO DIAZ DE LA VEGA ABANCAY,,APURIMAC,ABANCAY,ABANCAY,2026-05-26T11:24:48-05:00,2026-07-01T13:00:00-05:00,Vencido,,,REQUERIMIENTO DE REPUESTOS ODONTOLOGICOS PARA EL DEPARTAMENTO DE ODONTOLOGIA DEL HRGDV-A.,https://prod6.seace.gob.pe/buscador-publico/contrataciones/67357,,,2026-08-04T17:22:55-05:00,01/07/2026 13:00:00
67254,CM-555-2026-HRGDV-A,Vigente,Bien,GOBIERNO REGIONAL DE APURIMAC - HOSPITAL GUILLERMO DIAZ DE LA VEGA ABANCAY,,APURIMAC,ABANCAY,ABANCAY,2026-05-26T10:50:07-05:00,2026-07-16T10:00:00-05:00,Vencido,,,REQUERIMIENTO DE REPUESTOS ODONTOLOGICOS PARA EL DEPARTAMENTO DE ODONTOLOGIA DEL HRGDV-A.,https://prod6.seace.gob.pe/buscador-publico/contrataciones/67254,,,2026-08-04T17:22:55-05:00,16/07/2026 10:00:00
65093,CM-27171-2026-INIA,Vigente,Servicio,INSTITUTO NACIONAL DE INNOVACION AGRARIA - INIA,,APURIMAC,ANDAHUAYLAS,TALAVERA,2026-05-18T11:20:56-05:00,2026-06-08T10:00:00-05:00,Vencido,,,PS 2717 SERVICIO MANTENIMIENTO PREVENTIVO DE MOTOCICLETAS - APURIMAC (Servicio de mantenimiento preventivo de motocicletas ¿ 5.1.8 COTIZAR DE ACUERDO AL TDR,https://prod6.seace.gob.pe/buscador-publico/contrataciones/65093,https://prod6.seace.gob.pe/v1/s8uit-services/archivo/archivos-publico/descargar-archivo-contrato/255231,1,2026-08-04T17:22:55-05:00,08/06/2026 10:00:00
58728,CM-654-2026-PNAS - P65,Vigente,Servicio,PROGRAMA NACIONAL DE ASISTENCIA SOLIDARIA PENSION 65,,APURIMAC,ABANCAY,ABANCAY,2026-04-20T11:48:11-05:00,2026-04-21T17:00:00-05:00,Vencido,,,"PS 696 - ""SERVICIO MANTENIMIENTO PREVENTIVO DE CAMIONETA DE PLACA EGI-892 PARA LA UNIDAD TERRITORIAL APURIMAC DEL PROGRAMA NACIONAL DE ASISTENCIA SOLIDARIA - PENSIÓN 65 """,https://prod6.seace.gob.pe/buscador-publico/contrataciones/58728,https://prod6.seace.gob.pe/v1/s8uit-services/archivo/archivos-publico/descargar-archivo-contrato/230034,1,2026-08-04T17:22:55-05:00,21/04/2026 17:00:00
58005,CM-2-2026-RSSLC,Vigente,Servicio,GOBIERNO REGIONAL DE CUSCO - RED DE SERVICIOS  DE SALUD LA CONVENCION,,CUSCO,,,2026-04-16T15:00:41-05:00,2026-04-19T23:59:00-05:00,Vencido,,,CONTRATACION DE SERVICIO DE LICENCIADA EN ENFERMERIA,https://prod6.seace.gob.pe/buscador-publico/contrataciones/58005,https://prod6.seace.gob.pe/v1/s8uit-services/archivo/archivos-publico/descargar-archivo-contrato/227311,1,2026-08-04T15:56:30-05:00,19/04/2026 23:59:00
52975,CM-1317-2026-GRAP,Vigente,Bien,GOBIERNO REGIONAL DE APURIMAC SEDE CENTRAL,,APURIMAC,ABANCAY,ABANCAY,2026-03-24T09:41:25-05:00,2026-03-25T16:00:00-05:00,Vencido,,,"ADQUISICION DE DIESEL  B5-S50 UV PARA EL   PROYECTO ""MEJORAMIENTO DEL SERVICIO EDUCATIVO EN LAS INSTITUCIONES EDUCATIVAS DEL NIVEL PRIMARIO N 54385 SEÑOR DE LA EXALTACION, N 54621 FIDELIA VALENZUELA Y N 54389 PATAPATA, DISTRITO DE CHUQUIBAMBILLA PROVINCIA DE GRAU - REGIÓN APURIMAC"".",https://prod6.seace.gob.pe/buscador-publico/contrataciones/52975,https://prod6.seace.gob.pe/v1/s8uit-services/archivo/archivos-publico/descargar-archivo-contrato/206913,1,2026-08-04T17:22:55-05:00,25/03/2026 16:00:00
50077,CM-876-2026-INIA,Vigente,Bien,INSTITUTO NACIONAL DE INNOVACION AGRARIA - INIA,,CUSCO,,,2026-03-11T13:40:10-05:00,2026-03-14T13:00:00-05:00,Vencido,,,PC 876- ADQUISICION DE MATERIALES AGRICOLAS PARA LA CONSERVACIÓN DE LA COLECCIÓN DE CACAO DEL BANCO DE GERMOPLASMA Y EVALUACIÓN DE ACCESIONES PROMISORIAS DE CAFÉ EN PARCELAS MULTILOCALES EN EL VRAEM ¿ EEA PERLA DEL VRAEM,https://prod6.seace.gob.pe/buscador-publico/contrataciones/50077,https://prod6.seace.gob.pe/v1/s8uit-services/archivo/archivos-publico/descargar-archivo-contrato/194660,1,2026-08-04T15:56:30-05:00,14/03/2026 13:00:00
50074,CM-901-2026-INIA,Vigente,Bien,INSTITUTO NACIONAL DE INNOVACION AGRARIA - INIA,,CUSCO,,,2026-03-11T13:26:15-05:00,2026-03-14T13:00:00-05:00,Vencido,,,PC 901- ADQUISICIÓN DE SEMILLAS PARA LAS ACTIVIDADES DE INVESTIGACIÓN FORESTAL Y AGRÍCOLA EN LA EEA PERLA DEL VRAEM,https://prod6.seace.gob.pe/buscador-publico/contrataciones/50074,https://prod6.seace.gob.pe/v1/s8uit-services/archivo/archivos-publico/descargar-archivo-contrato/194630,1,2026-08-04T15:56:30-05:00,14/03/2026 13:00:00
45701,CM-58-2026-INIA,Vigente,Servicio,INSTITUTO NACIONAL DE INNOVACION AGRARIA - INIA,,CUSCO,,,2026-02-22T07:52:53-05:00,2026-02-23T16:00:00-05:00,Vencido,,,P.S. 1416 MANTENIMIENTO CORRECTIVO DE MOTOGUADAÑADORA,https://prod6.seace.gob.pe/buscador-publico/contrataciones/45701,https://prod6.seace.gob.pe/v1/s8uit-services/archivo/archivos-publico/descargar-archivo-contrato/177288,1,2026-08-04T15:56:30-05:00,23/02/2026 16:00:00
