idContrato,idItem,numero_item,codigo_cubso,descripcion_item,cantidad,unidad_medida,moneda,monto,fecha_ultima_actualizacion
84512,1714,1,8111230600337652,SERVICIO DE MANTENIMIENTO CORRECTIVO DE IMPRESORA MULTIFUNCIONAL,1,SERVICIO,,,2026-08-04T15:56:30-05:00
84512,1699,2,8111230700385661,SERVICIO DE MANTENIMIENTO CORRECTIVO DE COMPUTADORA PERSONAL DE ESCRITORIO,1,SERVICIO,,,2026-08-04T15:56:30-05:00
84115,6194,1,8510150200391646,SERVICIO DE ATENCIONES MEDICAS AMBULATORIA PARA PACIENTES,1,SERVICIO,,,2026-08-04T15:56:30-05:00
84115,6194,2,8510150200391646,SERVICIO DE ATENCIONES MEDICAS AMBULATORIA PARA PACIENTES,1,SERVICIO,,,2026-08-04T15:56:30-05:00
84086,19331,1,8512180800226580,SERVICIO DE RADIO CIRUGIA ESTEREOTAXICA,1,SERVICIO,,,2026-08-04T15:56:30-05:00
84083,1382,1,8510150300226539,SERVICIO DE ATENCIONES MEDICAS ESPECIALIZADAS,1,SERVICIO,,,2026-08-04T15:56:30-05:00
84069,19331,1,8512180800226580,SERVICIO DE RADIO CIRUGIA ESTEREOTAXICA,1,SERVICIO,,,2026-08-04T15:56:30-05:00
84077,1382,1,8510150300226539,SERVICIO DE ATENCIONES MEDICAS ESPECIALIZADAS,1,SERVICIO,,,2026-08-04T15:56:30-05:00
84056,1382,1,8510150300226539,SERVICIO DE ATENCIONES MEDICAS ESPECIALIZADAS,1,SERVICIO,,,2026-08-04T15:56:30-05:00
84062,1382,1,8510150300226539,SERVICIO DE ATENCIONES MEDICAS ESPECIALIZADAS,1,SERVICIO,,,2026-08-04T15:56:30-05:00
84050,1382,1,8510150300226539,SERVICIO DE ATENCIONES MEDICAS ESPECIALIZADAS,1,SERVICIO,,,2026-08-04T15:56:30-05:00
84057,1382,1,8510150300226539,SERVICIO DE ATENCIONES MEDICAS ESPECIALIZADAS,1,SERVICIO,,,2026-08-04T15:56:30-05:00
84057,1382,2,8510150300226539,SERVICIO DE ATENCIONES MEDICAS ESPECIALIZADAS,1,SERVICIO,,,2026-08-04T15:56:30-05:00
84057,1382,3,8510150300226539,SERVICIO DE ATENCIONES MEDICAS ESPECIALIZADAS,1,SERVICIO,,,2026-08-04T15:56:30-05:00
84057,1382,4,8510150300226539,SERVICIO DE ATENCIONES MEDICAS ESPECIALIZADAS,1,SERVICIO,,,2026-08-04T15:56:30-05:00
84057,1382,5,8510150300226539,SERVICIO DE ATENCIONES MEDICAS ESPECIALIZADAS,1,SERVICIO,,,2026-08-04T15:56:30-05:00
84057,1382,6,8510150300226539,SERVICIO DE ATENCIONES MEDICAS ESPECIALIZADAS,1,SERVICIO,,,2026-08-04T15:56:30-05:00
84057,1382,7,8510150300226539,SERVICIO DE ATENCIONES MEDICAS ESPECIALIZADAS,1,SERVICIO,,,2026-08-04T15:56:30-05:00
84057,1382,8,8510150300226539,SERVICIO DE ATENCIONES MEDICAS ESPECIALIZADAS,1,SERVICIO,,,2026-08-04T15:56:30-05:00
84034,1382,1,8510150300226539,SERVICIO DE ATENCIONES MEDICAS ESPECIALIZADAS,1,SERVICIO,,,2026-08-04T15:56:30-05:00
84034,1382,2,8510150300226539,SERVICIO DE ATENCIONES MEDICAS ESPECIALIZADAS,1,SERVICIO,,,2026-08-04T15:56:30-05:00
84034,1382,3,8510150300226539,SERVICIO DE ATENCIONES MEDICAS ESPECIALIZADAS,1,SERVICIO,,,2026-08-04T15:56:30-05:00
84044,1382,1,8510150300226539,SERVICIO DE ATENCIONES MEDICAS ESPECIALIZADAS,1,SERVICIO,,,2026-08-04T15:56:30-05:00
84037,1431,1,8512160100226548,SERVICIO DE ATENCION MEDICA ESPECIALIZADA EN GINECO OBSTETRA,1,SERVICIO,,,2026-08-04T15:56:30-05:00
84037,1431,2,8512160100226548,SERVICIO DE ATENCION MEDICA ESPECIALIZADA EN GINECO OBSTETRA,1,SERVICIO,,,2026-08-04T15:56:30-05:00
84012,1431,1,8512160100226548,SERVICIO DE ATENCION MEDICA ESPECIALIZADA EN GINECO OBSTETRA,1,SERVICIO,,,2026-08-04T15:56:30-05:00
83571,17805,1,5120240100196595,"ADALIMUMAB 40 mg (0,8 mL) INYECTABLE",20,UNIDAD,,,2026-08-04T15:56:30-05:00
83555,14877,1,5116170900197751,SURFACTANTE PULMONAR DE ORIGEN NATURAL 25 mg/mL INY 8 mL,50,UNIDAD,,,2026-08-04T15:56:30-05:00
83553,10535,1,5128390400196948,SULFADIAZINA DE PLATA 1% X 400G,500,UNIDAD,,,2026-08-04T15:56:30-05:00
83448,7950,1,5117160600059182,MAGNESIO SULFATO 200 MG/ML INY 10 ML,6000,UNIDAD,,,2026-08-04T15:56:30-05:00
83386,13125,1,2410200400392398,ANAQUEL METALICO 1.80 X 90CM X 36CM,8,UNIDAD,,,2026-08-04T15:56:30-05:00
83374,14831,1,5121161700196578,FOLINATO CALCICO (equiv 50 mg acido folinico) INY,500,UNIDAD,,,2026-08-04T15:56:30-05:00
83345,23070,1,5139173400061753,FENILEFRINA 25 mg/mL SOL OFT 15 mL,50,UNIDAD,,,2026-08-04T15:56:30-05:00
83254,23039,1,5113230200299752,DEXTROSA 5 g/100 mL ((5 %) INY CIRCUITO CERRADO 500 mL,3000,UNIDAD,,,2026-08-04T15:56:30-05:00
83254,23040,2,5113230200062284,DEXTROSA 5 g/100 mL (5 %) INY CIRCUITO CERRADO 100 mL,4000,UNIDAD,,,2026-08-04T15:56:30-05:00
83253,9909,1,5119160100062290,DEXTROSA 10 % (10 g/100 mL) INY 1 L,2400,UNIDAD,,,2026-08-04T15:56:30-05:00
83067,1382,1,8510150300226539,SERVICIO DE ATENCIONES MEDICAS ESPECIALIZADAS,1,SERVICIO,,,2026-08-04T15:56:30-05:00
82372,6590,1,4229560200178691,SISTEMA DE DERIVACION VENTRICULO PERITONEAL DE PRESION MEDIA ADULTO,1,UNIDAD,,,2026-08-04T15:56:30-05:00
81897,20842,1,3912104100369010,ESTABILIZADOR DE VOLTAJE,50,UNIDAD,,,2026-08-04T15:56:30-05:00
81318,11592,1,4222200800178728,LINEA PARA BOMBA DE INFUSION CON FILTRO DE 0.2 um,850,UNIDAD,,,2026-08-04T15:56:30-05:00
81318,7550,2,3912141900393857,CONECTOR RECTO 1/4 CON LUER MACHO,2000,UNIDAD,,,2026-08-04T15:56:30-05:00
81318,21712,3,4229492500301216,PUNZON DE TRANSFERENCIA PARA LIQUIDOS ESTERILES,2000,UNIDAD,,,2026-08-04T15:56:30-05:00
81318,20569,4,4410350800204422,PUNZON PERFORADOR PARA CONEXION A FRASCO,2000,UNIDAD,,,2026-08-04T15:56:30-05:00
80918,22771,1,4229512300325993,EQUIPO DE ASPIRACION PORTATIL DESCARTABLE Nº 18,100,UNIDAD,,,2026-08-04T15:56:30-05:00
80862,7766,1,4231151000351727,APOSITO DE ESPUMA (POLIURETANO) CON PLATA IONICA 1.2 % CON HIDROFIBRA (CARBOXIMETILCELULOSA SODICA) 20 cm X 16.9 cm APROX. PARA HERIDAS,100,UNIDAD,,,2026-08-04T15:56:30-05:00
80273,869,1,7611150400225373,LIMPIEZA Y DESINFECCION DE AMBIENTE NEONATOLOGIA,2,SERVICIO,,,2026-08-04T15:56:30-05:00
80273,869,2,7611150400225373,LIMPIEZA Y DESINFECCION DE AMBIENTE CONSULTORIOS EXTERNOS,2,SERVICIO,,,2026-08-04T15:56:30-05:00
79918,2555,1,8312170300232426,"SERVICIO DE INTERNET PARA LA REGIÓN DE CUSCO, EN EL MARCO DE LA EJECUCIÓN DEL PROYECTO ""CATASTRO, TITULACIÓN Y REGISTRO DE TIERRAS RURALES EN EL PERÚ, TERCER ETAPA - PTRT3 GTS"".",1,UNIDAD,,,2026-08-04T15:56:30-05:00
79658,4843,1,1216420100337129,ADITIVO INHIBIDOR DE CORROSION,6,UNIDAD,,,2026-08-04T15:56:30-05:00
79658,1987,2,4710160200162560,ADITIVO ANTIINCRUSTANTE PARA CALDERO,6,UNIDAD,,,2026-08-04T15:56:30-05:00
79658,5684,3,6010450300374063,"TEST KIT DE DUREZA TOTAL, RANGO O- 300PPM, 100 PRUEBAS",4,UNIDAD,,,2026-08-04T15:56:30-05:00
79658,1988,4,4710160600162551,ADITIVO ANTICORROSIVO PARA CALDERO,6,UNIDAD,,,2026-08-04T15:56:30-05:00
79630,6423,1,2711220100248814,PLANCHA PARA EMPASTAR,2,UNIDAD,,,2026-08-04T15:56:30-05:00
79630,22050,2,3121150800205418,GLOSS BLANCO,5,GALON,,,2026-08-04T15:56:30-05:00
79630,2637,3,3119150100000789,LIJA PARA METAL #40,10,UNIDAD,,,2026-08-04T15:56:30-05:00
79630,4324,4,3121190400070386,"BROCHA DE 5""",5,UNIDAD,,,2026-08-04T15:56:30-05:00
79630,22050,5,3121150800205418,PASTA FINA PARA MUROS,2,GALON,,,2026-08-04T15:56:30-05:00
79630,6860,6,1216230500307827,PINTURA ANTISALITRE,2,GALON,,,2026-08-04T15:56:30-05:00
79630,2644,7,3121150100069861,PINTURA OLEOMATE MATIZADO,16,GALON,,,2026-08-04T15:56:30-05:00
79630,3839,8,3121190600070355,"RODILLO ANTIGOTAS 9""",4,UNIDAD,,,2026-08-04T15:56:30-05:00
79630,5193,9,2711260100164927,"ESPATULAS 3""",4,UNIDAD,,,2026-08-04T15:56:30-05:00
79630,4545,10,3011170100012807,YESO CERAMICO BLANCO,5,KILOGRAMO,,,2026-08-04T15:56:30-05:00
79630,16143,11,3119150100389863,LIJA PARA METAL #80,25,UNIDAD,,,2026-08-04T15:56:30-05:00
79630,2911,12,3121160400205463,THINNER ACRILICO,22,GALON,,,2026-08-04T15:56:30-05:00
79630,1689,13,3121150800069887,SUPERMATE ANTIBACTERIAL,5,GALON,,,2026-08-04T15:56:30-05:00
79467,1403,1,8512210100255441,SERVICIO PARA TERAPIA DE REHABILITACION,1,SERVICIO,,,2026-08-04T15:56:30-05:00
79259,3934,1,4410310900356627,DRUM UNIT,1,UNIDAD,,,2026-08-04T15:56:30-05:00
78477,22138,1,4229551100047821,SUSTITUTO OSEO FOSFATO CALCICO PARA CRANEO MAXILO FACIAL,1,UNIDAD,,,2026-08-04T15:56:30-05:00
78449,7392,1,4111250100200539,FLUJOMETRO MANUAL DE OXIGENO MEDICINAL,25,UNIDAD,,,2026-08-04T15:56:30-05:00
78416,21633,1,4231220100046655,ITEM PAQUETE,1,UNIDAD,,,2026-08-04T15:56:30-05:00
78177,4109,1,4218180100349466,PULSOXIMETRO,1,UNIDAD,,,2026-08-04T15:56:30-05:00
78088,5284,1,4111450900063109,TENSIOMETRO DIGITAL PORTATIL,2,UNIDAD,,,2026-08-04T15:56:30-05:00
78085,22230,1,4218190400185270,MONITOR MULTIPROPOSITO PORTATIL,1,UNIDAD,,,2026-08-04T15:56:30-05:00
78104,3769,1,4014220100389599,MANOMETRO (REGULADOR PARA BALON DE OXIGENO PORTATIL),1,UNIDAD,,,2026-08-04T15:56:30-05:00
78079,22228,1,4017250600255948,CONECTOR DE TUBERIA DE FIERRO GALVANIZADO DE 1 1/2 in,1,UNIDAD,,,2026-08-04T15:56:30-05:00
78045,22226,1,8516150100349892,REPARACION DE FIBROBRONCOSCOPIO,1,SERVICIO,,,2026-08-04T15:56:30-05:00
77999,22195,1,7215160400230938,SERVICIO DE MANTENIMIENTO CORRECTIVO DE CENTRAL TELEFONICA,1,SERVICIO,,,2026-08-04T15:56:30-05:00
77961,8256,1,5114213000060075,LEFLUNOMIDA 20 mg TAB,50000,UNIDAD,,,2026-08-04T15:56:30-05:00
77319,15560,1,5115200400062489,BROMURO DE VECURONIO 4 mg INY 1 mL,3000,UNIDAD,,,2026-08-04T15:56:30-05:00
77296,15768,1,5128360400331492,RIFAXIMINA 200 mg TAB,6000,UNIDAD,,,2026-08-04T15:56:30-05:00
77261,22074,1,5118360300304465,INSULINA ASPARTICA 100 UI/mL INY 3 mL,300,UNIDAD,,,2026-08-04T15:56:30-05:00
76976,4034,1,4713150200006142,PAÑO ABSORBENTE DE 18.00 cm X 20.00 cm APROX.,180,UNIDAD,,,2026-08-04T15:56:30-05:00
76891,7392,1,4111250100200539,FLUJOMETRO TIPO THORPE PARA OXIGENO MEDICINAL INCLUYE ACCESORIOS,10,UNIDAD,,,2026-08-04T15:56:30-05:00
76845,4532,1,4618200200079683,"MASCARA, PIEZA O RESPIRADOR FACIAL DE CARA COMPLETA MEDIANA",4,UNIDAD,,,2026-08-04T15:56:30-05:00
76845,19040,2,4618200500325766,CARTUCHO O FILTRO CONTRA VAPORES ORGANICOS / GASES,20,UNIDAD,,,2026-08-04T15:56:30-05:00
75397,14878,1,5111181500060200,"TRIPTORELINA CON SOLVENTE 3,75 mg INY",120,UNIDAD,,,2026-08-04T15:56:30-05:00
74891,10216,1,5144200400060149,FLUOROURACILO 50 mg INY 10 mL,600,UNIDAD,,,2026-08-04T15:56:30-05:00
74891,12635,2,5111270100060044,CARBOPLATINO 450 mg INY 45 mL,200,UNIDAD,,,2026-08-04T15:56:30-05:00
74855,21698,1,5111161700060103,GEMCITABINA  200 mg INY,200,UNIDAD,,,2026-08-04T15:56:30-05:00
74855,14831,2,5121161700196578,FOLINATO CALCICO (equiv 50 mg acido folinico) INY,600,UNIDAD,,,2026-08-04T15:56:30-05:00
73823,21532,1,4111601900162125,ITEM PAQUETE,1,UNIDAD,,,2026-08-04T15:56:30-05:00
73667,21428,1,5111290200060092,TEMOZOLOMIDA 250 mg TAB,150,UNIDAD,,,2026-08-04T15:56:30-05:00
73667,10207,2,5111290200060091,TEMOZOLOMIDA 100 mg TAB,150,UNIDAD,,,2026-08-04T15:56:30-05:00
72485,21299,1,4214351600176202,ITEM PAQUETE,1,UNIDAD,,,2026-08-04T15:56:30-05:00
72117,21218,1,5118360300061584,INSULINA HUMANA 100 UI/mL INY 3 mL,300,UNIDAD,,,2026-08-04T15:56:30-05:00
72102,21217,1,5145270100059230,ITEM PAQUETE,600,UNIDAD,,,2026-08-04T15:56:30-05:00
72102,8209,2,5114170200061956,ITEM PAQUETE,4000,UNIDAD,,,2026-08-04T15:56:30-05:00
71221,21050,1,4229421900051198,ITEM PAQUETE,1,UNIDAD,,,2026-08-04T15:56:30-05:00
68477,8695,1,7215160200337712,SERVICIO DE INSTALACION DE GABINETE Y CABLEADO ESTRUCTURADO DE RED,1,SERVICIO,,,2026-08-04T15:56:30-05:00
68477,8695,2,7215160200337712,SERVICIO DE INSTALACION DE GABINETE Y CABLEADO ESTRUCTURADO DE RED,1,SERVICIO,,,2026-08-04T15:56:30-05:00
67524,15985,1,5124123500351747,CALCITRIOL 1 mcg/ mL INY,1750,UNIDAD,,,2026-08-04T15:56:30-05:00
58005,1400,1,8510160100226631,CONTRATACION DE LICENCIADA EN ENFERMERIA,1,SERVICIO,,,2026-08-04T15:56:30-05:00
50077,16876,1,2411220900376430,3 ITEM COTIZAR TODO LOS ITEM,2,UNIDAD,,,2026-08-04T15:56:30-05:00
50077,6396,2,4014160900085361,VALVULA DE PASO DE PVC,1,UNIDAD,,,2026-08-04T15:56:30-05:00
50074,16865,1,1015150600350252,SEMILLA DE CANAVALIA,3,KILOGRAMO,,,2026-08-04T15:56:30-05:00
50074,16874,2,1015153500293091,SEMILLA DE MANI - ARACHIS HYPOGAEA L. VARIEDAD INIAP 380,1,KILOGRAMO,,,2026-08-04T15:56:30-05:00
45701,2054,1,7215180200254703,MANTENIMIENTO CORRECTIVO DE MOTOGUADAÑADORA,1,UNIDAD,,,2026-08-04T15:56:30-05:00
81071,10646,1,5114221900058702,SEGUN ESPECIFICACIONES TECNICAS (FENTANILO 50 mcg/h) PARCHE TRANSDERMICO.,100,UNIDAD,,,2026-08-04T17:22:55-05:00
80703,22709,1,5137210800062436,SEGUN ESPECIFICACIONES TECNICAS,600,UNIDAD,,,2026-08-04T17:22:55-05:00
76580,21940,1,4224200100051646,SEGUN ESPECIFICACIONES TECNICAS ( prótesis de cadera cementada de revisión lado derecho).,1,UNIDAD,,,2026-08-04T17:22:55-05:00
74509,1162,1,7818150700094533,SERVICIO DE MANTENIMIENTO CORRECTIVO DE SISTEMA DE TRANSMISION DE VEHICULO,1,UNIDAD,,,2026-08-04T17:22:55-05:00
72788,21370,1,5114320100197682,SEGUN ESPECIFICACIONES TECNICAS,500,UNIDAD,,,2026-08-04T17:22:55-05:00
72764,8222,1,5133280700197714,SEGUN ESPECIFICACIONES TECNICAS,600,UNIDAD,,,2026-08-04T17:22:55-05:00
72764,9900,2,5112191000196722,SEGUN ESPECIFICACIONES TECNICAS (LANATOSIDO C 200 pg/ml INY 2 Ml).,150,UNIDAD,,,2026-08-04T17:22:55-05:00
72764,8605,3,5115173700196736,SEGUN ESPECIFICACIONES TECNICAS ( DOPAMINA  CLORHIDRATO  40 mg/ML INY 5 mL),350,UNIDAD,,,2026-08-04T17:22:55-05:00
69955,20580,1,4111610200024413,SEGUN ESPECIFICACIONE STECNICAS,200,UNIDAD,,,2026-08-04T17:22:55-05:00
69955,20581,2,4111610100162326,SEGUN ESPECIFICACIONE STECNICAS,200,UNIDAD,,,2026-08-04T17:22:55-05:00
69955,20850,3,4218230400334311,SEGUN ESPECIFICACIONES TECNICAS ( PRUEBA CRUZADA MAYOR PRESENTACION TARJETA Y/O CASETTES SELLADOS).,200,UNIDAD,,,2026-08-04T17:22:55-05:00
69955,18511,4,4110610300056482,SEGUN ESPECIFICACIONE STECNICAS,200,UNIDAD,,,2026-08-04T17:22:55-05:00
67572,20424,1,5114156600059186,SEGUN ESPECIFICACIONES TECNICAS,7000,UNIDAD,,,2026-08-04T17:22:55-05:00
67357,11275,1,4016150500132679,SEGUN ESPECIFICACIONES TECNICAS,1,UNIDAD,,,2026-08-04T17:22:55-05:00
67254,20386,1,2610173200364537,SEGUN ESPECIFICACIONES TECNICAS,3,UNIDAD,,,2026-08-04T17:22:55-05:00
67254,20362,2,3117150400354234,SEGUN ESPECIFICACIONES TECNICAS,18,UNIDAD,,,2026-08-04T17:22:55-05:00
65093,1758,1,7818150100231998,PS 2717 SERVICIO MANTENIMIENTO PREVENTIVO DE MOTOCICLETAS - APURIMAC (Servicio de mantenimiento preventivo de motocicletas ¿ 5.1.8 COTIZAR DE ACUERDO AL TDR,1,UNIDAD,,,2026-08-04T17:22:55-05:00
58728,1775,1,7818150700094471,"PS 696 - ""SERVICIO MANTENIMIENTO PREVENTIVO DE CAMIONETA DE PLACA EGI-892 PARA LA UNIDAD TERRITORIAL APURIMAC DEL PROGRAMA NACIONAL DE ASISTENCIA SOLIDARIA - PENSIÓN 65 """,1,SERVICIO,,,2026-08-04T17:22:55-05:00
52975,1509,1,1510150500233280,"ADQUISICION DE DIESEL  B5-S50 UV PARA EL   PROYECTO ""MEJORAMIENTO DEL SERVICIO EDUCATIVO EN LAS INSTITUCIONES EDUCATIVAS DEL NIVEL PRIMARIO N 54385 SEÑOR DE LA EXALTACION, N 54621 FIDELIA VALENZUELA Y N 54389 PATAPATA, DISTRITO DE CHUQUIBAMBILLA PROVINCIA DE GRAU - REGIÓN APURIMAC"".",854,GALON,,,2026-08-04T17:22:55-05:00
82924,23009,1,4229161300299381,ITEM PAQUETE,1,UNIDAD,,,2026-08-05T15:38:53-05:00
81470,22832,1,3116210300151687,ITEM PAQUETE,1,UNIDAD,,,2026-08-05T15:38:53-05:00
70824,15332,1,4232170900376954,ITEM PAQUETE,1,UNIDAD,,,2026-08-05T15:38:53-05:00
83354,1509,1,1510150500233280,DIESEL B5 S-50,360,GALON,,,2026-08-05T17:19:50-05:00
69392,20762,1,4229161100043249,ITEM PAQUETE,1,SERVICIO,,,2026-08-07T12:05:47-05:00
83100,9696,1,4227250900175914,SENSOR DE SATURACION DE OXIGENO PEDIATRICO PARA EQUIPO DE ANESTESIA,1,UNIDAD,,,2026-08-10T11:09:40-05:00
86253,5882,1,1216170400022172,"PC 2112 ADQUISICIÓN DE REACTIVOS E INSUMOS DE LABORATORIO EN EL MARCO DEL PROYECTO DE INVERSIÓN CON CUI N° 2472654 ¿ PI PERLA DEL VRAEM
COTIZAR DE ACUERDO A LA EETT ADJUNTA.",1,UNIDAD,,,2026-08-11T18:00:46-05:00
86250,22231,1,8516150100374832,SERVICIO DE MANTENIMIENTO PREVENTIVO DE TOMOGRAFO,1,SERVICIO,,,2026-08-11T18:00:46-05:00
80655,22707,1,5510152400365829,SEGUN ESPECIFICACIONES TECNICAS,24,UNIDAD,,,2026-08-13T17:01:05-05:00
86835,439,1,1510150600390517,ADQUISICIÓN DE COMBUSTIBLE GASOHOL PREMIUM PARA LAS UNIDADES VEHICULARES ASIGNADAS A LA UNIDAD DESCONCENTRADA CUZCO,1680,GALON,,,2026-08-13T18:56:42-05:00
86840,8345,1,8010170600394619,SERVICIO DE GESTION EN ACTOS PREPARATORIOS DE EXPEDIENTES DE CONTRATACION,2,SERVICIO,,,2026-08-15T20:56:06-05:00
87558,8345,1,8010170600394619,SERVICIO DE GESTION EN ACTOS PREPARATORIOS DE EXPEDIENTES DE CONTRATACION,2,SERVICIO,,,2026-08-17T20:49:02-05:00
87499,9332,1,8510170500309496,SERVICIOS ESPECIALIZADOS EN CUIDADOS CRITICOS INTERMEDIOS,1,SERVICIO,,,2026-08-18T11:46:57-05:00
87499,9332,2,8510170500309496,SERVICIOS ESPECIALIZADOS EN CUIDADOS CRITICOS INTERMEDIOS,1,SERVICIO,,,2026-08-18T11:46:57-05:00
87499,9332,3,8510170500309496,SERVICIOS ESPECIALIZADOS EN CUIDADOS CRITICOS INTERMEDIOS,1,SERVICIO,,,2026-08-18T11:46:57-05:00
88020,8909,1,8510160400226587,SERVICIO DE AUDITORIA MEDICA,5,SERVICIO,,,2026-08-19T13:51:39-05:00
87780,1382,1,8510150300226539,SERVICIO DE ATENCIONES MEDICAS ESPECIALIZADAS,1,SERVICIO,,,2026-08-19T13:51:39-05:00
87780,1382,2,8510150300226539,SERVICIO DE ATENCIONES MEDICAS ESPECIALIZADAS,1,SERVICIO,,,2026-08-19T13:51:39-05:00
87780,1382,3,8510150300226539,SERVICIO DE ATENCIONES MEDICAS ESPECIALIZADAS,1,SERVICIO,,,2026-08-19T13:51:39-05:00
76936,3091,1,8212159900093939,RECETA E INDICACIONES MEDICAS,1,SERVICIO,,,2026-08-20T20:55:56-05:00
91568,2329,1,1411180600035205,FORMATO DE PARTE DIARIO,1,SERVICIO,,,2026-09-02T19:13:25-05:00
91551,19665,1,4222200800347542,LINEA DE INFUSION DE PVC CON FILTRO INTRAVENOSO DE 0.2 µm X DE 200 cm PARA NUTRICION BINARIA,1,UNIDAD,,,2026-09-02T19:13:25-05:00
91564,24352,1,4231160600047536,HEMOSTATICO TOPICO ABSORBIBLE DE CELULOSA OXIGENADA Y REGENERADA 5 X 7.5 cm,35,UNIDAD,,,2026-09-02T19:13:25-05:00
91564,24367,2,4231160700320597,HEMOSTATICO TOPICO ABSORBIBLE DE CELULOSA OXIGENADA Y REGENERADA 10 cm X 203 cm,120,UNIDAD,,,2026-09-02T19:13:25-05:00
92372,19331,1,8512180800226580,SERVICIO DE RADIO CIRUGIA ESTEREOTAXICA,1,SERVICIO,,,2026-09-07T14:56:21-05:00
92178,1356,1,8516150100367856,SERVICIO DE CALIBRACION DE EQUIPOS MEDICOS,1,SERVICIO,,,2026-09-08T19:11:47-05:00
89312,16498,1,4228180400389904,SEGUN ESPECIFICACIONES TECNICAS,40,UNIDAD,,,2026-09-11T13:30:01-05:00
88050,11310,1,8110170600231528,SEGUN TERMINOS DE REFERENCIA,1,SERVICIO,,,2026-09-11T13:30:01-05:00
86588,20479,1,5133280700197715,SEGUN ESPECIFICACIONES TECNICAS (CLORPROMAZINA CLORHIDRATO 100 mg TAB).,600,UNIDAD,,,2026-09-11T13:30:01-05:00
86588,18804,2,5114250500392666,SEGUN ESPECIFICACIONES TECNICAS,100,UNIDAD,,,2026-09-11T13:30:01-05:00
93880,4957,1,7315210100337675,SERVICIO DE MANTENIMIENTO CORRECTIVO PARA LA PLANTA DE OXIGENO,1,SERVICIO,,,2026-09-16T17:08:13-05:00
95206,592,1,1214210500162276,AIRE COMPRIMIDO,720,M3,,,2026-09-17T11:57:19-05:00
95354,1382,1,8510150300226539,SERVICIO DE ATENCIONES MEDICAS ESPECIALIZADAS,1,SERVICIO,,,2026-09-17T18:32:47-05:00
95014,9323,1,8312170300389900,SERVICIO DE LINEA DEDICADA A INTERNET DE 200 MBPS,1,SERVICIO,,,2026-09-17T18:32:47-05:00
95368,1431,1,8512160100226548,SERVICIO DE ATENCION MEDICA ESPECIALIZADA EN GINECO OBSTETRA,1,SERVICIO,,,2026-09-21T12:01:22-05:00
95368,1431,2,8512160100226548,SERVICIO DE ATENCION MEDICA ESPECIALIZADA EN GINECO OBSTETRA,1,SERVICIO,,,2026-09-21T12:01:22-05:00
95368,1431,3,8512160100226548,SERVICIO DE ATENCION MEDICA ESPECIALIZADA EN GINECO OBSTETRA,1,SERVICIO,,,2026-09-21T12:01:22-05:00
95365,1270,1,9314180800389351,SERVICIO DE CONTROL Y SEGUIMIENTO MEDICO OCUPACIONAL,1,SERVICIO,,,2026-09-21T12:01:22-05:00
96210,7063,1,4713181000005549,DETERGENTE EN PASTA LAVA VAJILLA,1000,UNIDAD,,,2026-09-22T13:51:58-05:00
96210,7887,2,4713181100385550,JABON EN BARRA PARA ROPA,2600,UNIDAD,,,2026-09-22T13:51:58-05:00
95305,8274,1,4227250100184594,MODULO RESPIRATORIO Y DE GASES DE ANESTESIA MODELO E-sCAiO-00,1,UNIDAD,,,2026-09-22T13:51:58-05:00
95493,20890,1,4232220500391611,SISTEMA DE FIJACION TRANSPEDICULAR DE TITANIO LUMBAR,1,UNIDAD,,,2026-09-23T15:19:29-05:00
92815,24081,1,4220171200184720,EQUIPO ELECTRONICO ECOGRAFO MULTIPROPOSITO CON 01 TRANSDUCTOR DE USO CLINICO,1,UNIDAD,,,2026-09-24T10:03:08-05:00
92807,20249,1,8516150200377253,SERVICIO DE MANTENIMIENTO CORRECTIVO DE EQUIPO ECOGRAFO - ULTRASONIDO,1,SERVICIO,,,2026-09-24T10:03:08-05:00
97277,1348,1,8016150400227110,"SERVICIO DE ASISTENCIA TÉCNICO PARA LA ELABORACIÓN, REVISIÓN Y/O REDACCIÓN DE DOCUMENTOS DE GESTIÓN DE LA INVESTIGACIÓN DE LA VICEPRESIDENCIA DE INVESTIGACIÓN",1,SERVICIO,,,2026-09-25T13:33:58-05:00
92522,2688,1,7214170100232894,ALQUILER DE RODILLO VIBRATORIO PEDIDO DE SERVICIO 846,1,SERVICIO,,,2026-09-28T10:24:15-05:00
94888,16654,1,3016160200395624,PANEL LED DE 36 W 120 CM X 30 CM P/ADOSAR,1,UNIDAD,,,2026-09-28T10:24:15-05:00
94888,12752,2,3016160200395623,PANEL LED DE 36 W 60 CM X 60 CM P/EMPOTRAR,1,UNIDAD,,,2026-09-28T10:24:15-05:00
94888,2516,3,3013170400268179,CERAMICO PARA PISO DE 60 cm X 60 cm TRANSITO MEDIO,10,UNIDAD,,,2026-09-28T10:24:15-05:00
94888,7846,4,3912140600018674,TOMACORRIENTE SOBREPONER DOBLE TIPO CLAVIJA CON LINEA TIERRA,3,UNIDAD,,,2026-09-28T10:24:15-05:00
94888,2517,5,3120160100253868,PEGAMENTO PARA CERAMICO,4,UNIDAD,,,2026-09-28T10:24:15-05:00
96180,7950,1,5117160600059182,SULFATO DE MAGNESIO 20% (200 mg/mL) INY 10 mL,5000,UNIDAD,,,2026-09-29T10:48:04-05:00
95380,13499,1,2110170900086406,RODILLO DE TRANSDO DE PACIENTES,3,UNIDAD,,,2026-09-30T08:39:34-05:00
98462,12803,1,1235230500024159,OFERTAR POR EL MONTO TOTAL,1,UNIDAD,,,2026-09-30T14:16:49-05:00
98436,1917,1,4111613300163224,TIRA REACTIVA PARA DETERMINACION DE OXIDASA,1,UNIDAD,,,2026-09-30T14:16:49-05:00
96166,25050,1,5312160500212220,"CARTUCHERA LOGO EN DTF A FULL, TELA ECO KODRA A UN SOLO COLOR MEDIDA 22X14 CM APROX. CIERRE IMPORTADO, COLOR PERSONALIZADO, MORADO, PLOMO, AZUL, ROSADO.",220,UNIDAD,,,2026-10-01T16:48:19-05:00
96166,25033,2,5510152000290212,"KIT  DE CUADERNO  DE APROX 60 HOJAS ECOLOGICAS Y LAPICERO ECOLOGICO MEDICA 13X18 CN APROX. COLORES AZUL, VERDE, ROJO, AMARILLO, MORADO",300,UNIDAD,,,2026-10-01T16:48:19-05:00
95211,20945,1,4111610500312377,"N,N-DIETIL-P-FENILENDIAMINA SULFATO P.A.",1,UNIDAD,,,2026-10-01T20:40:15-05:00
98278,8209,1,5114170200061956,HALOPERIDOL 5 mg/mL INY 1 mL,2000,UNIDAD,,,2026-10-03T12:14:43-05:00
96809,19714,1,1216200400253640,SULFADIAZINA DE PLATA 1% X 400G,700,UNIDAD,,,2026-10-03T12:14:43-05:00
96514,19483,1,5134230800059991,VALGANCICLOVIR 500mg TAB,30,UNIDAD,,,2026-10-03T12:14:43-05:00
95849,2478,1,7212110200351818,SERVICIO DE CONFECCION E INSTALACION DE MODULO PREFABRICADOS PEDIDO 672,1,SERVICIO,,,2026-10-05T13:24:02-05:00
94768,3875,1,8010150500374411,SERVICIO DE CAPACITACION TECNICA EN MANEJO Y BUENAS PRACTICAS DE TRUCHICULTURA - PEDIDO 779,1,SERVICIO,,,2026-10-05T13:24:02-05:00
98392,9013,1,5512171500394136,ESTANDARTE INSTITUCIONAL DE ESCRITORIO,1,UNIDAD,,,2026-10-05T13:24:02-05:00
100021,874,1,7818170300094953,SERVICIO DE ESTACIONAMIENTO VEHICULAR PARA LA CAMIONETA INSTITUCIONAL,1,SERVICIO,,,2026-10-05T19:47:06-05:00
100044,16171,1,4111610200376592,SUERO ANTI IGG ANTI C3D POLIESPECIFICO (ANTIGLOBULINA HUMANA),40,UNIDAD,,,2026-10-06T10:08:00-05:00
100044,1868,2,1235220200024429,ALBUMINA BOVINA 22% X 10 mL,40,UNIDAD,,,2026-10-06T10:08:00-05:00
100044,25549,3,4111610200024422,HEMOCLASIFICADOR MONOCLONAL PARA ANTI D RH,50,UNIDAD,,,2026-10-06T10:08:00-05:00
99995,235,1,9210180500369479,SERVICIO DE REPRESENTACIÓN JURÍDICA INTEGRAL PARA LA AGENCIA ANDAHUAYLAS CON SUS RESPECTIVAS DEPENDENCIAS,1,SERVICIO,,,2026-10-06T10:08:00-05:00
100197,2073,1,7214170100232859,ALQUILER DE CARGADOR FRONTAL PEDIDO 894,1,SERVICIO,,,2026-10-06T15:16:38-05:00
100179,7535,1,7214170100360040,ALQUILER DE EXCAVADORA SOBRE ORUGA PEDIDO 902,1,SERVICIO,,,2026-10-06T15:16:38-05:00
98936,13571,1,2510180100203379,ADQUISICION DE 02 MOTICLETAS LINEALES PARA EL FORTALECIMIENTODE LA CAPACIDAD TECNICA Y OPERTIVA DEL AREA TECNICA MUNICIPAL - ATM Y LA UNIDAD DE GESTION DE AGUA POTABLE Y ALCANTARILLADO DE LA GERENCIA DE SERVICIOS MUNICIPALES Y GESTION AMBIENTAL DE LA MUNICIPALIDAD PROVINCIAL DE ANTABAMBA,1,UNIDAD,,,2026-10-06T18:50:22-05:00
100658,1178,1,7811180800232926,"SERVICIO DE ALQUILER DE CAMIONETA 4X4 A TODO COSTO, PARA LA ATENCIÓN DEL MANTENIMIENTO RUTINARIO DE LA CARRETERA NO PAVIMENTADA DE LA RVN TRAMO: EMP. PE-3S (DV. SICUANI) - URINSAYA - STA. BÁRBARA - SUCU PALLCA ¿ PIRHUA ¿ PHINAYA; REGIÓN CUSCO.",1,SERVICIO,,,2026-10-07T19:10:45-05:00
99305,3425,1,4412161900067669,TAJADOR DE METAL CHICO,40,UNIDAD,,,2026-10-07T19:10:45-05:00
99305,3260,2,4410312400323440,CINTA DE RESINA PARA IMPRESORA TERMICA 110MM X 362M MODELO DE IMPRESORA TSC TE200,2,UNIDAD,,,2026-10-07T19:10:45-05:00
99305,1811,3,3120161000070233,COLA SINTETICA X 250ML CON DOSIFICADOR,30,UNIDAD,,,2026-10-07T19:10:45-05:00
99305,17840,4,4412201300385401,FOLDER DE PLASTICO A4 PARA 30 HOJAS CON TAPA TRANSPARENTE CON FASTENER,10,UNIDAD,,,2026-10-07T19:10:45-05:00
99305,1308,5,4412180400066800,BORRADOR PARA LAPIZ RECTANGULAR TAMAÑO GRANDE,40,UNIDAD,,,2026-10-07T19:10:45-05:00
100750,7264,1,1512150800012114,ACEITE DE TRANSMISION PARA JOHN DEERE,10,GALON,,,2026-10-08T00:58:41-05:00
100750,1590,2,1512180200331600,ACEITE LUBRICANTE DE MOTOR PARA JOHN DEERE,10,GALON,,,2026-10-08T00:58:41-05:00
100750,1742,3,1512150400146114,ACEITE PARA SISTEMA HIDRAULICO PARA JOHN DEERE,20,GALON,,,2026-10-08T00:58:41-05:00
100736,1052,1,8010150500227090,CONTRATACION DE SERVICIO DE PONENCIA PARA EL NIVEL PRIMARIA,1,SERVICIO,,,2026-10-08T00:58:41-05:00
100751,1052,1,8010150500227090,CONTRATACION DE SERVICIO DE PONENCIA PARA EL NIVEL SECUNDARIA,1,SERVICIO,,,2026-10-08T00:58:41-05:00
100637,17011,1,7215190500228190,SERVICIO DE ROTURA DE PROBETAS DE CONCRETO PEDIDO 921,1,SERVICIO,,,2026-10-09T10:16:14-05:00
100555,17011,1,7215190500228190,SERVICIO DE ROTURA DE PROBETAS DE CONCRETO PEDIDO 920,1,SERVICIO,,,2026-10-09T10:16:14-05:00
100941,19420,1,1219160100024664,ALCOHOL ACIDO P.A.,20,UNIDAD,,,2026-10-09T15:07:32-05:00
100940,6309,1,4111330900162128,ENZIMA HEMOGLOBINA GLICOSILADA,1200,UNIDAD,,,2026-10-09T15:07:32-05:00
100424,830,1,9111160300225305,Servicio de refrigerio para docentes del Programa Finanzas en el Cole en Cusco.,1,SERVICIO,,,2026-10-09T15:07:32-05:00
100957,810,1,8014160700228156,SERVICIO DE REFRIGERIOS Y ALMUERZO,1,SERVICIO,,,2026-10-09T15:07:32-05:00
100884,23622,1,4410311800205010,PAPEL FILM DE POLIETILENO 45 cm X 300 m,20,UNIDAD,,,2026-10-09T15:07:32-05:00
100884,2052,2,4713181100005508,DETERGENTE GRANULADO X 1 kg,50,UNIDAD,,,2026-10-09T15:07:32-05:00
100884,11779,3,1116170100394970,TELA FRANELA X 1 m DE ANCHO,30,METRO,,,2026-10-09T15:07:32-05:00
100884,10215,4,1411170400006553,PAPEL HIGIENICO (ROLLO PERSONAL) HOJA SIMPLE BLANCO,376,UNIDAD,,,2026-10-09T15:07:32-05:00
100884,7063,5,4713181000005549,DETERGENTE EN PASTA LAVA VAJILLA X 1 kg,62,UNIDAD,,,2026-10-09T15:07:32-05:00
100851,1605,1,8212150300345005,"SERVICIO DE ELABORACION DE FOTOCHECK PARA BRIGADISTAS, SEGUN TERMINOS DE REFERENCIA",1,SERVICIO,,,2026-10-09T15:07:32-05:00
101006,938,1,7811180800228860,CONDUCTOR DE CAMION VOLQUETE N° 01,1,SERVICIO,,,2026-10-10T00:47:47-05:00
100969,938,1,7811180800228860,CONDUCTOR DE CAMION CISTERNA,1,SERVICIO,,,2026-10-10T00:47:47-05:00
100988,2723,1,7214150500335559,OPERADOR DE RODILLO LISO VIBRATORIO,1,SERVICIO,,,2026-10-10T00:47:47-05:00
100966,974,1,7210151600231192,"SERVICIO DE RECARGA DE EXTINTORES PARA LA SUCURSAL QUILLABAMBA, AGENCIAS Y SUS UNIDADES OPERATIVAS - ENACO SA",1,SERVICIO,,,2026-10-10T00:47:47-05:00
100728,3719,1,7214100300364435,SERVICIO DE CONTROL DE TRANSITO,1,SERVICIO,,,2026-10-10T00:47:47-05:00
95464,7950,1,5117160600059182,SULFATO DE MAGNESIO 20% (200 mg/mL) INY 10 mL,10000,UNIDAD,,,2026-10-10T00:47:47-05:00
100073,236,1,8010150500310883,SEGUN TERMINOS DE REFERENCIA,1,SERVICIO,,,2026-10-10T00:47:47-05:00
101031,12292,1,8011160100395516,"Servicio para la ejecución del Acompañamiento diferenciado a usuarios del Programa Nacional CONTIGO, en la provincia de La Convención departamento de Cusco para la Unidad de Acompañamiento",1,SERVICIO,,,2026-10-10T12:50:25-05:00
